"Age","Sex","Right-Pallidum","rh_paracentral_volume","rh_paracentral_area","rh_paracentral_thickness","rh_paracentral_thicknessstd","rh_parahippocampal_volume","rh_parahippocampal_area","rh_parahippocampal_thickness","rh_parahippocampal_thicknessstd","rh_parsopercularis_volume","rh_parsopercularis_area","rh_parsopercularis_thickness","rh_parsopercularis_thicknessstd","rh_parsorbitalis_volume","rh_parsorbitalis_area","rh_parsorbitalis_thickness","rh_parsorbitalis_thicknessstd","rh_parstriangularis_volume","rh_parstriangularis_area","rh_parstriangularis_thickness","rh_parstriangularis_thicknessstd","rh_pericalcarine_volume","rh_pericalcarine_area","rh_pericalcarine_thickness","rh_pericalcarine_thicknessstd","rh_postcentral_volume","rh_postcentral_area","rh_postcentral_thickness","rh_postcentral_thicknessstd","rh_posteriorcingulate_volume","rh_posteriorcingulate_area","rh_posteriorcingulate_thickness","rh_posteriorcingulate_thicknessstd","IntraCranialVol","rh_precentral_volume","rh_precentral_area","rh_precentral_thickness","rh_precentral_thicknessstd","rh_precuneus_volume","rh_precuneus_area","rh_precuneus_thickness","rh_precuneus_thicknessstd","Right-Putamen","rh_rostralanteriorcingulate_volume","rh_rostralanteriorcingulate_area","rh_rostralanteriorcingulate_thickness","rh_rostralanteriorcingulate_thicknessstd","rh_rostralmiddlefrontal_volume","rh_rostralmiddlefrontal_area","rh_rostralmiddlefrontal_thickness","rh_rostralmiddlefrontal_thicknessstd","rh_superiorfrontal_volume","rh_superiorfrontal_area","rh_superiorfrontal_thickness","rh_superiorfrontal_thicknessstd","rh_superiorparietal_volume","rh_superiorparietal_area","rh_superiorparietal_thickness","rh_superiorparietal_thicknessstd","rh_superiortemporal_volume","rh_superiortemporal_area","rh_superiortemporal_thickness","rh_superiortemporal_thicknessstd","rh_supramarginal_volume","rh_supramarginal_area","rh_supramarginal_thickness","rh_supramarginal_thicknessstd","rh_temporalpole_volume","rh_temporalpole_area","rh_temporalpole_thickness","rh_temporalpole_thicknessstd","Left-Accumbens-area","Right-Thalamus-Proper","rh_transversetemporal_volume","rh_transversetemporal_area","rh_transversetemporal_thickness","rh_transversetemporal_thicknessstd","Right-VentralDC","3rd-Ventricle","WM-hypointensities","lh_insula_volume","lh_insula_area","lh_insula_thickness","lh_insula_thicknessstd","Left-Amygdala","rh_insula_volume","rh_insula_area","rh_insula_thickness","rh_insula_thicknessstd","lh_bankssts_volume","lh_bankssts_area","lh_bankssts_thickness","lh_bankssts_thicknessstd","lh_caudalanteriorcingulate_volume","lh_caudalanteriorcingulate_area","lh_caudalanteriorcingulate_thickness","lh_caudalanteriorcingulate_thicknessstd","lh_caudalmiddlefrontal_volume","lh_caudalmiddlefrontal_area","lh_caudalmiddlefrontal_thickness","lh_caudalmiddlefrontal_thicknessstd","Left-Caudate","Left-Cerebellum-Cortex","Left-Cerebellum-White-Matter","Brain-Stem","Left-choroid-plexus","lh_cuneus_volume","lh_cuneus_area","lh_cuneus_thickness","lh_cuneus_thicknessstd","lh_entorhinal_volume","lh_entorhinal_area","lh_entorhinal_thickness","lh_entorhinal_thicknessstd","lh_frontalpole_volume","lh_frontalpole_area","lh_frontalpole_thickness","lh_frontalpole_thicknessstd","lh_fusiform_volume","lh_fusiform_area","lh_fusiform_thickness","lh_fusiform_thicknessstd","lh_WhiteSurfArea_area","Left-Hippocampus","CC_Anterior","Left-Inf-Lat-Vent","lh_inferiorparietal_volume","lh_inferiorparietal_area","lh_inferiorparietal_thickness","lh_inferiorparietal_thicknessstd","lh_inferiortemporal_volume","lh_inferiortemporal_area","lh_inferiortemporal_thickness","lh_inferiortemporal_thicknessstd","lh_isthmuscingulate_volume","lh_isthmuscingulate_area","lh_isthmuscingulate_thickness","lh_isthmuscingulate_thicknessstd","lh_lateraloccipital_volume","lh_lateraloccipital_area","lh_lateraloccipital_thickness","lh_lateraloccipital_thicknessstd","lh_lateralorbitofrontal_volume","lh_lateralorbitofrontal_area","lh_lateralorbitofrontal_thickness","lh_lateralorbitofrontal_thicknessstd","Left-Lateral-Ventricle","lh_lingual_volume","lh_lingual_area","lh_lingual_thickness","lh_lingual_thicknessstd","lh_medialorbitofrontal_volume","lh_medialorbitofrontal_area","lh_medialorbitofrontal_thickness","lh_medialorbitofrontal_thicknessstd","CC_Central","lh_middletemporal_volume","lh_middletemporal_area","lh_middletemporal_thickness","lh_middletemporal_thicknessstd","Left-Pallidum","lh_paracentral_volume","lh_paracentral_area","lh_paracentral_thickness","lh_paracentral_thicknessstd","lh_parahippocampal_volume","lh_parahippocampal_area","lh_parahippocampal_thickness","lh_parahippocampal_thicknessstd","lh_parsopercularis_volume","lh_parsopercularis_area","lh_parsopercularis_thickness","lh_parsopercularis_thicknessstd","lh_parsorbitalis_volume","lh_parsorbitalis_area","lh_parsorbitalis_thickness","lh_parsorbitalis_thicknessstd","lh_parstriangularis_volume","lh_parstriangularis_area","lh_parstriangularis_thickness","lh_parstriangularis_thicknessstd","lh_pericalcarine_volume","lh_pericalcarine_area","lh_pericalcarine_thickness","lh_pericalcarine_thicknessstd","lh_postcentral_volume","lh_postcentral_area","lh_postcentral_thickness","lh_postcentral_thicknessstd","CC_Mid_Anterior","lh_posteriorcingulate_volume","lh_posteriorcingulate_area","lh_posteriorcingulate_thickness","lh_posteriorcingulate_thicknessstd","lh_precentral_volume","lh_precentral_area","lh_precentral_thickness","lh_precentral_thicknessstd","lh_precuneus_volume","lh_precuneus_area","lh_precuneus_thickness","lh_precuneus_thicknessstd","Left-Putamen","lh_rostralanteriorcingulate_volume","lh_rostralanteriorcingulate_area","lh_rostralanteriorcingulate_thickness","lh_rostralanteriorcingulate_thicknessstd","lh_rostralmiddlefrontal_volume","lh_rostralmiddlefrontal_area","lh_rostralmiddlefrontal_thickness","lh_rostralmiddlefrontal_thicknessstd","lh_superiorfrontal_volume","lh_superiorfrontal_area","lh_superiorfrontal_thickness","lh_superiorfrontal_thicknessstd","lh_superiorparietal_volume","lh_superiorparietal_area","lh_superiorparietal_thickness","lh_superiorparietal_thicknessstd","lh_superiortemporal_volume","lh_superiortemporal_area","lh_superiortemporal_thickness","lh_superiortemporal_thicknessstd","lh_supramarginal_volume","lh_supramarginal_area","lh_supramarginal_thickness","lh_supramarginal_thicknessstd","CC_Mid_Posterior","lh_temporalpole_volume","lh_temporalpole_area","lh_temporalpole_thickness","lh_temporalpole_thicknessstd","Left-Thalamus-Proper","lh_transversetemporal_volume","lh_transversetemporal_area","lh_transversetemporal_thickness","lh_transversetemporal_thicknessstd","Left-VentralDC","Left-vessel","Optic-Chiasm","CC_Posterior","Right-Accumbens-area","Right-Amygdala","rh_bankssts_volume","rh_bankssts_area","rh_bankssts_thickness","rh_bankssts_thicknessstd","rh_caudalanteriorcingulate_volume","rh_caudalanteriorcingulate_area","rh_caudalanteriorcingulate_thickness","rh_caudalanteriorcingulate_thicknessstd","rh_caudalmiddlefrontal_volume","rh_caudalmiddlefrontal_area","rh_caudalmiddlefrontal_thickness","rh_caudalmiddlefrontal_thicknessstd","Right-Caudate","Right-Cerebellum-Cortex","Right-Cerebellum-White-Matter","CSF","Right-choroid-plexus","rh_cuneus_volume","rh_cuneus_area","rh_cuneus_thickness","rh_cuneus_thicknessstd","rh_entorhinal_volume","rh_entorhinal_area","rh_entorhinal_thickness","rh_entorhinal_thicknessstd","rh_frontalpole_volume","rh_frontalpole_area","rh_frontalpole_thickness","rh_frontalpole_thicknessstd","rh_fusiform_volume","rh_fusiform_area","rh_fusiform_thickness","rh_fusiform_thicknessstd","rh_WhiteSurfArea_area","Right-Hippocampus","Right-Inf-Lat-Vent","rh_inferiorparietal_volume","rh_inferiorparietal_area","rh_inferiorparietal_thickness","rh_inferiorparietal_thicknessstd","rh_inferiortemporal_volume","rh_inferiortemporal_area","rh_inferiortemporal_thickness","rh_inferiortemporal_thicknessstd","rh_isthmuscingulate_volume","rh_isthmuscingulate_area","rh_isthmuscingulate_thickness","rh_isthmuscingulate_thicknessstd","rh_lateraloccipital_volume","rh_lateraloccipital_area","rh_lateraloccipital_thickness","rh_lateraloccipital_thicknessstd","rh_lateralorbitofrontal_volume","rh_lateralorbitofrontal_area","rh_lateralorbitofrontal_thickness","rh_lateralorbitofrontal_thicknessstd","Right-Lateral-Ventricle","rh_lingual_volume","rh_lingual_area","rh_lingual_thickness","rh_lingual_thicknessstd","rh_medialorbitofrontal_volume","rh_medialorbitofrontal_area","rh_medialorbitofrontal_thickness","rh_medialorbitofrontal_thicknessstd","rh_middletemporal_volume","rh_middletemporal_area","rh_middletemporal_thickness","rh_middletemporal_thicknessstd","4th-Ventricle","left_CA1","left_CA2-3","left_CA4-DG","left_fimbria","left_hippocampal_fissure","left_presubiculum","left_subiculum","right_CA1","right_CA2-3","right_CA4-DG","right_fimbria","right_hippocampal_fissure","right_presubiculum","right_subiculum","lhCorticalWhiteMatterVol","rhCorticalWhiteMatterVol","CorticalWhiteMatterVol","SubCortGrayVol","TotalGrayVol","SupraTentorialVol","Diagnosis"
68.0,1,1092.8,3031.0,1329.0,2.129,0.563,1463.0,478.0,2.638,0.921,3178.0,1214.0,2.34,0.486,2087.0,745.0,2.203,0.738,3116.0,1292.0,2.105,0.553,2344.0,1281.0,1.862,0.557,7190.0,3345.0,1.912,0.558,2486.0,1086.0,2.098,0.624,1339706.907,11842.0,4888.0,2.218,0.58,7049.0,2974.0,2.128,0.57,4207.8,1747.0,517.0,3.042,0.813,11664.0,4218.0,2.24,0.639,16901.0,5718.0,2.464,0.614,9303.0,4345.0,1.949,0.452,9770.0,3122.0,2.606,0.711,8893.0,3173.0,2.425,0.669,1785.0,415.0,3.032,0.862,300.5,5120.3,870.0,306.0,2.306,0.408,2849.5,2551.7,2010.8,5559.0,1761.0,2.993,0.91,902.8,5491.0,1855.0,2.967,0.888,2264.0,873.0,2.305,0.535,1199.0,448.0,2.684,0.614,4380.0,1924.0,2.077,0.517,3710.9,45070.7,9664.0,17069.6,1073.7,2456.0,1199.0,1.751,0.425,1510.0,314.0,3.011,1.061,797.0,184.0,3.086,0.695,7532.0,2418.0,2.543,0.727,69981.8,2371.5,638.7,1134.1,6355.0,2833.0,2.046,0.446,9221.0,2745.0,2.56,0.799,1989.0,828.0,2.148,0.713,10118.0,4616.0,1.928,0.505,6339.0,2016.0,2.708,0.889,20140.5,5293.0,2424.0,1.91,0.608,4413.0,1412.0,2.672,0.869,303.4,7541.0,2253.0,2.611,0.782,1345.7,2960.0,1228.0,2.127,0.558,1954.0,604.0,2.621,0.897,3891.0,1423.0,2.353,0.549,2292.0,517.0,3.002,0.878,3126.0,1135.0,2.338,0.527,2077.0,1348.0,1.588,0.392,7605.0,3625.0,1.924,0.619,300.6,2357.0,895.0,2.381,0.656,11977.0,4971.0,2.278,0.55,6546.0,2921.0,1.984,0.53,4189.0,1258.0,404.0,2.927,1.011,14292.0,4918.0,2.375,0.669,16259.0,5700.0,2.446,0.63,9676.0,4531.0,1.933,0.448,10781.0,3441.0,2.541,0.705,8420.0,3256.0,2.293,0.503,267.4,1792.0,391.0,3.042,0.851,6059.2,1122.0,426.0,2.258,0.541,3349.5,131.1,285.2,751.0,339.0,1183.3,1744.0,611.0,2.34,0.673,1551.0,569.0,2.751,0.816,4568.0,1807.0,2.206,0.511,3692.9,45696.6,8896.0,1722.7,1816.9,2754.0,1264.0,1.878,0.448,864.0,251.0,2.374,0.79,728.0,177.0,2.699,0.743,8751.0,2571.0,2.612,0.804,69600.6,2609.1,897.5,13325.0,4858.0,2.297,0.561,7116.0,1998.0,2.694,0.803,2517.0,954.0,2.316,0.881,9210.0,3744.0,2.069,0.56,6112.0,2410.0,2.299,0.742,16202.4,5623.0,2353.0,2.073,0.65,4136.0,1453.0,2.374,0.729,8522.0,2280.0,2.743,0.845,1681.9,1799.38,4749.55,2548.85,124.42,204.949,1964.49,2785.13,2173.52,5793.57,3119.32,123.106,204.164,2322.19,3248.87,155723.654,157814.388,313538.042,45039.0,506754.323,773869.364,"AD"
65.0,0,1370.9,3209.0,1240.0,2.411,0.536,1639.0,582.0,2.433,0.784,3467.0,1189.0,2.42,0.566,1980.0,506.0,2.82,0.591,3102.0,1150.0,2.343,0.499,1563.0,963.0,1.672,0.392,7665.0,3248.0,2.061,0.562,1916.0,801.0,2.242,0.564,1322501.644,9461.0,3465.0,2.441,0.571,7769.0,3309.0,2.168,0.535,5212.4,1638.0,563.0,2.529,0.727,11762.0,4324.0,2.227,0.611,15550.0,5412.0,2.429,0.577,11029.0,4549.0,2.11,0.498,8598.0,3049.0,2.427,0.562,8797.0,3163.0,2.362,0.565,1512.0,336.0,2.961,0.646,429.0,5921.6,826.0,295.0,2.262,0.405,3180.0,1214.8,675.9,5166.0,1834.0,2.703,0.764,765.8,5409.0,2008.0,2.699,0.868,1339.0,673.0,1.989,0.486,1310.0,452.0,2.854,0.83,4848.0,1770.0,2.407,0.504,3122.2,42088.0,12799.0,19232.7,1085.7,1570.0,862.0,1.689,0.419,1044.0,324.0,2.313,0.771,503.0,148.0,2.404,0.626,6589.0,2391.0,2.344,0.651,63494.9,2424.2,686.5,1045.3,9007.0,3680.0,2.136,0.548,6902.0,2377.0,2.326,0.652,1588.0,722.0,2.138,0.683,7310.0,3067.0,2.033,0.571,4920.0,1786.0,2.39,0.572,13276.6,5079.0,2531.0,1.82,0.537,3724.0,1387.0,2.248,0.808,311.9,6323.0,2092.0,2.343,0.715,1381.8,3370.0,1245.0,2.395,0.478,1606.0,518.0,2.59,0.798,2813.0,1090.0,2.288,0.397,1451.0,432.0,2.542,0.471,2560.0,922.0,2.322,0.579,1752.0,1033.0,1.742,0.394,8291.0,3304.0,2.184,0.653,312.1,1857.0,821.0,2.203,0.504,10729.0,3832.0,2.509,0.532,7019.0,3048.0,2.112,0.509,5327.7,1754.0,617.0,2.685,0.858,10616.0,4001.0,2.154,0.645,16359.0,5392.0,2.525,0.579,9807.0,4237.0,2.009,0.473,8495.0,2974.0,2.364,0.659,8502.0,3222.0,2.274,0.539,260.7,1834.0,353.0,3.251,0.929,7734.5,1062.0,358.0,2.467,0.377,3516.4,103.1,254.4,732.7,385.4,885.2,1367.0,668.0,1.989,0.485,1785.0,604.0,2.79,0.523,4113.0,1546.0,2.342,0.556,3031.5,44171.4,11534.5,1022.7,1667.6,1804.0,941.0,1.697,0.408,931.0,240.0,2.87,0.789,790.0,199.0,2.688,0.571,7064.0,2438.0,2.482,0.619,65161.2,2498.9,623.2,10494.0,4029.0,2.224,0.504,8867.0,2861.0,2.46,0.712,1521.0,656.0,2.213,0.748,8024.0,3274.0,2.066,0.545,4810.0,1758.0,2.383,0.59,17018.2,4308.0,2178.0,1.866,0.577,3530.0,1409.0,2.161,0.631,6387.0,2208.0,2.339,0.64,954.7,2118.43,5557.23,3014.16,156.894,723.956,1924.13,2910.97,1728.23,5771.79,3132.15,314.636,943.014,2210.93,2771.76,168001.933,175184.019,343185.952,49165.0,472262.377,765961.328,"AD"
57.0,1,970.5,3820.0,1449.0,2.402,0.691,2410.0,687.0,2.832,0.783,3688.0,1432.0,2.317,0.506,2698.0,858.0,2.503,0.728,3792.0,1373.0,2.288,0.659,2264.0,1693.0,1.398,0.41,9130.0,3866.0,2.085,0.679,2492.0,974.0,2.563,0.656,1575725.306,13107.0,4643.0,2.563,0.722,9726.0,3791.0,2.461,0.661,3735.6,1835.0,600.0,2.796,0.748,13644.0,5467.0,2.173,0.628,23815.0,7286.0,2.824,0.639,13371.0,5426.0,2.087,0.623,10059.0,3147.0,2.771,0.762,9394.0,3579.0,2.305,0.633,2506.0,449.0,3.961,0.635,450.3,6423.8,975.0,417.0,2.15,0.446,5825.2,1191.6,1282.6,6625.0,2154.0,3.087,0.835,1469.8,6973.0,2477.0,2.844,1.013,3403.0,1094.0,2.726,0.625,1855.0,659.0,2.658,0.603,5599.0,2112.0,2.424,0.564,3044.1,51522.1,21763.6,24951.7,1602.2,2974.0,1656.0,1.78,0.46,1755.0,411.0,3.457,0.785,853.0,212.0,3.033,0.602,9621.0,3114.0,2.686,0.791,87183.8,4647.3,1144.4,194.1,13560.0,4889.0,2.34,0.736,10454.0,3028.0,2.809,0.764,3367.0,1354.0,2.351,0.79,14368.0,5731.0,2.057,0.79,7875.0,2755.0,2.571,0.768,12848.2,7223.0,3411.0,1.927,0.666,6235.0,2230.0,2.678,0.855,674.2,10923.0,3060.0,2.814,0.746,1135.1,3267.0,1241.0,2.438,0.652,2266.0,725.0,2.588,0.798,3809.0,1425.0,2.402,0.493,1992.0,583.0,2.537,0.637,4074.0,1497.0,2.352,0.677,2043.0,1527.0,1.363,0.356,11235.0,4756.0,2.054,0.722,582.7,3246.0,1344.0,2.323,0.654,13512.0,4370.0,2.733,0.708,9890.0,4159.0,2.186,0.604,4533.1,2347.0,678.0,3.001,0.783,14087.0,5647.0,2.175,0.606,20899.0,6753.0,2.738,0.605,13821.0,5729.0,2.064,0.586,10789.0,3652.0,2.656,0.609,11030.0,4106.0,2.324,0.667,624.8,2474.0,509.0,3.214,1.0,7092.3,1294.0,611.0,2.028,0.553,5433.9,90.5,253.9,1123.5,423.6,1655.5,2091.0,861.0,2.44,0.466,1869.0,733.0,2.48,0.611,4061.0,1486.0,2.418,0.501,3426.6,48514.4,19752.8,1175.0,1923.4,3094.0,1773.0,1.719,0.469,1367.0,222.0,4.045,0.648,1375.0,369.0,2.968,0.536,10025.0,3395.0,2.65,0.764,85860.7,4297.6,158.3,16724.0,6303.0,2.301,0.688,12891.0,3534.0,2.924,0.845,1906.0,860.0,2.119,0.654,14091.0,5628.0,2.126,0.662,7938.0,2904.0,2.534,0.725,11821.1,6287.0,3252.0,1.788,0.635,5153.0,1854.0,2.541,0.604,10496.0,3071.0,2.72,0.738,1704.2,2738.19,8093.54,4642.29,288.683,193.768,4242.03,5197.59,2843.9,8203.38,4546.89,152.251,250.583,3571.59,4804.21,266145.261,266703.819,532849.081,56335.0,626437.694,1089658.774,"HC"
64.0,1,1458.5,2952.0,1476.0,2.052,0.594,2009.0,807.0,2.205,0.686,2838.0,1397.0,1.922,0.572,2507.0,939.0,2.135,0.65,3772.0,1680.0,1.977,0.51,2456.0,1849.0,1.381,0.406,8724.0,4791.0,1.698,0.507,2771.0,1223.0,2.093,0.698,1582172.207,11225.0,5699.0,1.911,0.513,10796.0,4968.0,2.051,0.574,5819.7,1928.0,706.0,2.525,0.581,13787.0,6179.0,1.943,0.597,18870.0,8211.0,2.11,0.562,10566.0,5601.0,1.772,0.488,11957.0,4500.0,2.329,0.639,8484.0,4378.0,1.888,0.509,2410.0,508.0,3.449,0.783,567.8,6839.9,947.0,455.0,1.88,0.391,3529.4,1143.6,2827.9,6898.0,2371.0,2.773,0.794,1512.6,6927.0,2270.0,2.92,0.855,2890.0,1314.0,2.25,0.484,2414.0,936.0,2.627,0.536,4799.0,2230.0,2.063,0.594,3096.9,47495.6,12840.5,20663.0,1241.1,2734.0,1557.0,1.616,0.441,1816.0,414.0,3.232,0.656,468.0,206.0,1.902,0.496,11190.0,3855.0,2.491,0.74,97187.6,4204.5,820.3,363.0,10343.0,5514.0,1.791,0.451,9488.0,3359.0,2.367,0.697,3058.0,1262.0,2.31,0.792,10928.0,5625.0,1.796,0.491,7364.0,2580.0,2.553,0.711,10346.9,6673.0,3496.0,1.825,0.561,4473.0,1612.0,2.383,0.897,414.8,11251.0,3839.0,2.403,0.703,1183.9,2320.0,1196.0,1.929,0.499,1909.0,646.0,2.373,0.815,4629.0,1791.0,2.426,0.575,2293.0,817.0,2.265,0.622,3335.0,1436.0,2.067,0.55,2143.0,1656.0,1.364,0.357,8889.0,4895.0,1.692,0.5,473.4,2432.0,1058.0,2.306,0.57,11822.0,5896.0,1.946,0.53,9010.0,4568.0,1.946,0.499,5499.4,2429.0,831.0,2.762,0.904,14086.0,6334.0,2.008,0.579,19382.0,8563.0,2.095,0.541,10793.0,5973.0,1.71,0.435,13197.0,5155.0,2.323,0.615,10675.0,5010.0,2.025,0.555,382.8,2709.0,550.0,3.275,0.846,7275.4,1129.0,640.0,1.654,0.358,3351.8,40.9,269.2,841.0,545.7,1675.6,2246.0,1203.0,1.999,0.547,2102.0,731.0,2.4,0.749,4251.0,2045.0,2.012,0.495,3664.0,50250.3,13047.7,1428.3,1833.6,2921.0,1747.0,1.671,0.459,1924.0,378.0,3.185,1.042,638.0,241.0,1.991,0.38,10566.0,3874.0,2.347,0.682,95631.3,4026.0,161.6,12277.0,6285.0,1.805,0.509,9299.0,3388.0,2.334,0.697,3007.0,1300.0,2.172,0.77,10663.0,5152.0,1.911,0.519,7124.0,2476.0,2.519,0.755,9519.5,6938.0,3641.0,1.851,0.536,4520.0,1671.0,2.371,0.862,10644.0,3866.0,2.27,0.678,1838.6,2833.75,7624.95,4665.4,395.206,544.643,3717.28,5059.72,3057.03,7673.01,4632.49,331.833,503.969,3156.62,4895.07,241904.48,237545.74,479450.22,56561.0,581435.815,988387.035,"HC"
65.0,1,1445.3,3904.0,1434.0,2.57,0.451,2400.0,688.0,2.942,0.749,3578.0,1152.0,2.713,0.427,2447.0,634.0,2.842,0.564,3233.0,1213.0,2.398,0.551,2073.0,1314.0,1.622,0.437,8480.0,3810.0,1.941,0.562,2961.0,1088.0,2.46,0.641,1455202.991,13128.0,4663.0,2.516,0.494,8399.0,3218.0,2.484,0.495,4802.7,1932.0,649.0,2.879,0.863,14478.0,5215.0,2.37,0.526,19938.0,6472.0,2.616,0.502,12364.0,4973.0,2.203,0.452,10749.0,3135.0,2.857,0.631,9001.0,3142.0,2.503,0.534,1938.0,365.0,3.754,0.518,474.4,6136.8,807.0,295.0,2.347,0.334,3634.7,2014.9,3990.3,6635.0,2208.0,2.921,0.816,1451.2,6835.0,2299.0,2.905,0.91,2665.0,961.0,2.793,0.453,1845.0,604.0,2.739,0.676,5426.0,1942.0,2.554,0.454,3750.0,51138.3,13701.4,20012.3,1390.3,2760.0,1199.0,1.994,0.423,1863.0,381.0,3.667,0.607,656.0,169.0,2.754,0.314,8783.0,2681.0,2.818,0.628,75837.3,3698.7,908.9,768.6,13767.0,4713.0,2.528,0.541,11167.0,3175.0,2.903,0.676,2329.0,835.0,2.628,0.759,10922.0,4179.0,2.25,0.597,7230.0,2491.0,2.612,0.668,20291.6,6972.0,2896.0,2.116,0.624,4856.0,1924.0,2.345,0.789,398.3,9891.0,2709.0,2.976,0.617,1395.5,3581.0,1273.0,2.508,0.55,2579.0,762.0,2.745,0.618,3323.0,1205.0,2.473,0.451,2085.0,593.0,2.749,0.581,2546.0,920.0,2.507,0.461,1908.0,1180.0,1.674,0.444,9177.0,3857.0,2.058,0.566,427.3,3206.0,1122.0,2.614,0.511,13287.0,4562.0,2.569,0.481,7707.0,2929.0,2.46,0.41,4963.6,2258.0,767.0,2.848,0.626,14481.0,5074.0,2.427,0.49,18676.0,6036.0,2.624,0.524,11693.0,4547.0,2.269,0.453,11693.0,3322.0,2.903,0.671,11309.0,3817.0,2.636,0.492,366.4,2694.0,462.0,3.915,0.464,6900.9,925.0,339.0,2.481,0.309,3638.4,33.2,297.1,937.7,463.4,1476.1,2091.0,833.0,2.525,0.389,2001.0,753.0,2.339,0.755,4775.0,1672.0,2.531,0.433,3695.9,52063.1,13983.7,1126.8,2091.5,2725.0,1188.0,1.995,0.408,2590.0,481.0,4.069,0.65,938.0,272.0,2.524,0.502,9260.0,2801.0,2.904,0.661,77655.1,4171.7,194.0,15822.0,5606.0,2.47,0.534,11485.0,3173.0,2.901,0.684,1899.0,788.0,2.29,0.656,10310.0,4018.0,2.227,0.551,6909.0,2465.0,2.569,0.665,14023.2,6869.0,2892.0,2.126,0.57,4237.0,1652.0,2.374,0.703,11379.0,3302.0,2.797,0.635,2434.4,2371.3,6662.64,3835.62,781.71,168.015,3618.86,5086.34,2664.59,7725.75,4287.03,459.213,290.808,4073.36,5127.52,212761.981,217677.868,430439.85,53728.0,595361.791,964370.641,"HC"
79.0,1,1776.7,3836.0,1289.0,2.456,0.644,1252.0,404.0,2.668,0.766,3247.0,1072.0,2.369,0.623,816.0,191.0,3.05,0.743,1640.0,631.0,2.48,0.53,1192.0,663.0,1.974,0.457,7259.0,2921.0,2.039,0.706,2126.0,810.0,2.285,0.819,1192333.237,12513.0,4370.0,2.404,0.618,6379.0,2365.0,2.258,0.603,2110.7,864.0,438.0,2.61,1.402,16930.0,4916.0,2.543,0.833,25168.0,7345.0,2.534,0.887,7686.0,3477.0,1.889,0.508,8677.0,2954.0,2.43,0.605,6598.0,2199.0,2.446,0.681,2052.0,449.0,3.087,0.728,119.4,5492.3,626.0,276.0,2.003,0.383,3549.7,1923.9,4005.4,3815.0,1164.0,2.947,1.211,1096.8,3879.0,1281.0,2.712,1.004,1003.0,427.0,1.976,0.59,467.0,416.0,1.411,1.119,3541.0,1098.0,2.481,0.83,534.3,14525.0,15208.7,15625.4,1301.6,927.0,508.0,1.649,0.823,989.0,241.0,2.782,0.791,162.0,89.0,1.997,0.745,4827.0,2258.0,1.974,0.67,47526.3,2944.7,229.8,595.3,4670.0,2150.0,1.89,0.527,8433.0,3012.0,2.269,0.855,1818.0,894.0,1.872,0.864,2381.0,1567.0,1.491,0.776,3127.0,800.0,3.357,1.212,9776.0,2666.0,1611.0,1.655,0.699,2395.0,705.0,2.99,1.569,202.3,4810.0,1922.0,2.173,0.682,1158.4,2752.0,1041.0,2.162,0.676,1310.0,384.0,2.799,0.742,2286.0,653.0,2.701,0.832,1496.0,484.0,2.515,0.772,1850.0,552.0,2.965,0.999,911.0,520.0,1.803,0.687,6914.0,2893.0,1.919,0.602,234.4,2204.0,956.0,2.16,0.748,12222.0,3760.0,2.472,0.821,4743.0,1874.0,2.186,0.625,1971.3,1109.0,477.0,3.138,1.297,8611.0,2751.0,2.532,0.898,14304.0,4997.0,2.348,0.812,5474.0,2780.0,1.775,0.511,4152.0,1841.0,2.023,0.623,5693.0,2234.0,2.197,0.7,278.0,873.0,205.0,2.94,0.589,6080.6,593.0,260.0,1.964,0.5,3138.8,7.6,16.3,455.9,122.9,1383.6,1373.0,747.0,1.863,0.469,1412.0,460.0,2.343,1.013,6211.0,2094.0,2.411,0.592,654.8,19550.8,12422.1,1316.6,1616.6,1108.0,572.0,1.856,0.667,2060.0,462.0,2.952,0.87,1375.0,341.0,2.653,0.639,6896.0,2294.0,2.496,0.834,59948.8,3171.9,638.7,7731.0,3244.0,1.991,0.55,6922.0,2179.0,2.477,0.897,1571.0,650.0,2.05,0.826,5703.0,2694.0,1.892,0.665,3550.0,1079.0,2.868,1.08,9499.2,3413.0,1619.0,1.86,0.699,3540.0,1134.0,2.878,1.522,7099.0,2333.0,2.394,0.718,1363.7,2949.36,6913.25,3640.79,759.084,253.807,3023.15,4560.92,2756.41,7652.87,4008.43,269.593,281.081,2732.32,4970.23,116126.056,137892.736,254018.792,36637.0,357506.835,601836.627,"HC"
77.0,0,1412.1,3721.0,1525.0,2.28,0.474,1784.0,621.0,2.558,0.752,3599.0,1262.0,2.458,0.522,2779.0,737.0,2.633,0.747,4106.0,1491.0,2.278,0.578,1939.0,1110.0,1.756,0.504,9288.0,3949.0,2.038,0.635,2636.0,997.0,2.412,0.528,1522590.71,12062.0,4727.0,2.311,0.568,8804.0,3448.0,2.266,0.549,4686.1,2136.0,567.0,3.483,0.831,13988.0,4592.0,2.372,0.678,20577.0,6793.0,2.533,0.578,11769.0,4875.0,2.126,0.485,9918.0,3599.0,2.343,0.684,10261.0,3683.0,2.551,0.571,2856.0,451.0,3.824,0.713,300.4,6447.7,956.0,414.0,2.019,0.377,3366.0,2125.8,14122.7,6105.0,1998.0,2.915,0.982,886.1,6899.0,2167.0,3.0,0.993,2748.0,1184.0,2.252,0.435,2016.0,606.0,2.964,0.723,6160.0,2118.0,2.509,0.546,4425.6,46036.5,11654.7,19311.2,1064.0,2101.0,1090.0,1.836,0.418,1391.0,353.0,2.942,0.88,1141.0,223.0,3.203,0.663,9580.0,2886.0,2.737,0.639,76937.6,2734.4,651.7,815.5,13828.0,5167.0,2.317,0.559,10820.0,3108.0,2.818,0.745,2013.0,855.0,2.353,0.685,9106.0,3794.0,2.155,0.65,7089.0,2255.0,2.516,0.768,23958.9,5444.0,2554.0,1.971,0.607,5327.0,1677.0,2.581,0.906,346.2,8912.0,2903.0,2.547,0.655,1316.9,3139.0,1259.0,2.259,0.45,2064.0,658.0,2.675,0.969,4375.0,1500.0,2.508,0.577,2094.0,612.0,2.514,0.593,3415.0,1133.0,2.421,0.643,1958.0,1283.0,1.539,0.436,10021.0,4309.0,1.989,0.595,369.6,3279.0,1237.0,2.45,0.602,12556.0,4700.0,2.397,0.565,8421.0,3446.0,2.2,0.519,4848.0,2680.0,683.0,2.888,0.942,14843.0,5049.0,2.375,0.664,18366.0,5835.0,2.672,0.536,11668.0,4840.0,2.119,0.513,10210.0,3490.0,2.505,0.661,8530.0,3214.0,2.338,0.576,316.4,2514.0,469.0,3.31,0.873,6590.9,1217.0,451.0,2.327,0.359,3198.4,73.4,125.3,940.4,323.4,1059.7,2023.0,865.0,2.358,0.456,1241.0,553.0,2.299,0.692,6724.0,2297.0,2.452,0.61,4537.1,47901.4,12000.7,1266.4,2025.7,2733.0,1217.0,1.936,0.432,1674.0,284.0,3.974,0.704,1170.0,292.0,2.669,0.701,9662.0,3052.0,2.667,0.793,77307.2,3404.6,517.0,14834.0,5151.0,2.449,0.604,9103.0,2476.0,2.849,0.822,2381.0,943.0,2.249,0.67,9022.0,3443.0,2.25,0.657,7356.0,2245.0,2.629,0.859,24064.0,5735.0,2672.0,1.933,0.594,5309.0,1782.0,2.543,0.777,10208.0,3026.0,2.651,0.751,2358.8,1905.0,5100.91,2970.17,158.137,239.035,2614.37,3472.13,2315.71,6641.52,3843.6,216.596,419.63,2998.09,4184.12,184386.807,183259.112,367645.918,51694.0,577860.409,906087.328,"MCI"
66.0,1,1632.7,4716.0,1840.0,2.295,0.495,2283.0,741.0,2.781,0.989,3213.0,1200.0,2.414,0.441,3095.0,862.0,2.617,0.72,3764.0,1401.0,2.3,0.519,2817.0,1656.0,1.694,0.467,10501.0,4646.0,1.975,0.577,2511.0,1025.0,2.178,0.648,1566033.925,15403.0,5770.0,2.41,0.562,9728.0,4152.0,2.113,0.523,4626.6,2524.0,732.0,2.883,0.762,18444.0,7019.0,2.158,0.62,21438.0,7083.0,2.54,0.587,13963.0,6348.0,1.915,0.504,12326.0,3626.0,2.643,0.776,11383.0,4197.0,2.319,0.525,2009.0,418.0,3.438,0.87,279.7,6545.0,1218.0,412.0,2.435,0.425,3690.9,1847.7,2901.3,7302.0,2351.0,2.833,0.856,1467.5,6997.0,2316.0,2.859,0.954,2387.0,963.0,2.477,0.404,2618.0,826.0,2.839,0.806,5643.0,2096.0,2.396,0.593,3916.2,45468.4,13911.6,22341.7,1447.0,2969.0,1499.0,1.748,0.444,2460.0,580.0,2.898,0.968,851.0,193.0,2.742,0.746,9068.0,3177.0,2.555,0.645,88835.2,3650.6,943.6,923.3,12547.0,5435.0,2.11,0.556,11207.0,3796.0,2.484,0.684,2749.0,940.0,2.834,0.73,10110.0,4834.0,1.875,0.632,7169.0,2616.0,2.361,0.695,21019.0,7823.0,3570.0,1.95,0.638,5466.0,2152.0,2.135,0.837,439.1,11607.0,3262.0,2.672,0.797,1597.9,3138.0,1192.0,2.324,0.616,2770.0,742.0,3.058,0.924,5299.0,1849.0,2.341,0.585,2162.0,603.0,2.559,0.703,3343.0,1303.0,2.121,0.587,2456.0,1681.0,1.516,0.387,9918.0,4464.0,1.956,0.512,478.3,2978.0,1199.0,2.431,0.725,13092.0,4946.0,2.391,0.597,9305.0,3923.0,2.157,0.508,5243.0,2388.0,782.0,2.527,0.697,13874.0,5314.0,2.09,0.641,20442.0,6496.0,2.547,0.659,14014.0,6407.0,1.976,0.517,10966.0,3570.0,2.593,0.72,14081.0,5239.0,2.299,0.581,397.7,2761.0,472.0,3.645,0.938,6761.1,804.0,362.0,2.014,0.431,3799.5,94.9,193.9,1024.1,441.9,2179.6,1528.0,740.0,2.095,0.525,1847.0,758.0,2.318,0.766,6381.0,2432.0,2.349,0.477,4118.4,40507.8,13322.0,1086.0,2163.1,3394.0,1695.0,1.717,0.486,1695.0,446.0,2.756,0.84,1059.0,368.0,2.191,0.763,10440.0,3237.0,2.535,0.758,90804.2,3464.8,810.2,12642.0,5248.0,2.082,0.547,9825.0,3180.0,2.502,0.79,2844.0,991.0,2.406,0.701,12911.0,5238.0,2.006,0.635,7982.0,2933.0,2.338,0.647,16408.2,7221.0,3439.0,1.826,0.616,5262.0,1956.0,2.247,0.7,8227.0,2696.0,2.476,0.715,2161.0,2853.51,6570.14,3821.46,408.706,389.645,3136.79,4779.12,2572.9,6864.15,3872.29,245.709,266.86,2713.35,5041.85,231377.791,236991.021,468368.812,54847.0,609106.537,1037829.349,"MCI"
65.0,0,1563.8,3768.0,1544.0,2.181,0.616,2104.0,722.0,2.585,0.905,4142.0,1481.0,2.484,0.578,2290.0,834.0,2.065,0.673,4467.0,1569.0,2.277,0.654,1750.0,1224.0,1.463,0.344,8079.0,3824.0,1.88,0.567,3688.0,1443.0,2.296,0.729,1356972.153,11839.0,4738.0,2.31,0.6,9213.0,3821.0,2.211,0.601,5277.1,2305.0,729.0,2.82,0.802,12348.0,4900.0,2.013,0.671,18964.0,6420.0,2.454,0.64,11404.0,5145.0,1.948,0.522,11542.0,3499.0,2.802,0.66,9961.0,3719.0,2.365,0.563,2012.0,391.0,3.861,0.889,493.3,6062.6,835.0,350.0,2.223,0.408,3379.8,787.9,3102.7,6599.0,2228.0,2.991,0.848,1787.3,6483.0,2109.0,3.016,0.824,2378.0,951.0,2.531,0.521,1567.0,504.0,2.563,0.693,4833.0,1749.0,2.455,0.542,3581.2,35013.6,10181.8,20214.6,1364.8,2523.0,1249.0,1.773,0.472,1450.0,360.0,3.038,0.956,663.0,172.0,2.551,0.613,9795.0,3282.0,2.69,0.644,81093.0,4684.4,918.9,188.4,10856.0,4545.0,2.209,0.551,11271.0,3497.0,2.709,0.822,2845.0,1010.0,2.562,0.745,8559.0,4462.0,1.819,0.606,7089.0,2828.0,2.205,0.652,7989.2,6703.0,3161.0,1.966,0.586,4690.0,2125.0,1.972,0.755,466.0,9109.0,2908.0,2.553,0.74,1170.2,3189.0,1253.0,2.241,0.563,2628.0,816.0,2.716,0.889,3655.0,1371.0,2.36,0.486,1985.0,606.0,2.403,0.721,3022.0,1262.0,2.002,0.566,1782.0,1120.0,1.626,0.387,9063.0,4023.0,1.975,0.555,511.7,2954.0,1138.0,2.367,0.586,12014.0,4496.0,2.419,0.552,9075.0,3689.0,2.231,0.529,4684.2,2573.0,910.0,2.445,0.748,12159.0,4911.0,2.03,0.611,17561.0,6520.0,2.268,0.66,12729.0,5506.0,2.043,0.535,11960.0,3722.0,2.74,0.68,10176.0,3882.0,2.324,0.516,500.2,1979.0,435.0,3.215,0.852,7251.9,1100.0,400.0,2.474,0.38,3161.4,37.7,136.5,1019.5,651.3,1967.7,2222.0,946.0,2.302,0.532,2177.0,705.0,2.852,0.935,5941.0,2173.0,2.336,0.58,3741.6,35362.7,11444.5,980.1,1474.1,3522.0,1582.0,1.865,0.56,1686.0,400.0,3.326,0.857,851.0,238.0,2.432,0.866,10640.0,3335.0,2.727,0.74,80900.9,4637.9,271.5,12498.0,5177.0,2.098,0.523,9555.0,2932.0,2.678,0.717,1843.0,744.0,2.273,0.823,11054.0,4405.0,2.041,0.723,6228.0,2315.0,2.432,0.712,8835.0,6747.0,2862.0,2.099,0.63,4535.0,1679.0,2.27,0.682,10173.0,2945.0,2.737,0.724,2112.3,2955.85,8456.41,4906.94,391.383,1011.23,4375.28,5623.74,3007.57,8590.33,4964.14,324.492,368.127,3951.45,5522.63,219320.813,220378.075,439698.888,55280.0,545747.161,937500.049,"HC"
68.0,1,1227.3,3185.0,1412.0,2.188,0.608,2280.0,621.0,2.861,1.041,2732.0,960.0,2.44,0.676,2581.0,698.0,2.646,0.865,2578.0,969.0,2.264,0.618,1883.0,1396.0,1.373,0.367,7399.0,3350.0,1.916,0.615,2586.0,1028.0,2.402,0.764,1405958.419,11788.0,4466.0,2.353,0.667,7464.0,3411.0,1.981,0.601,4260.9,1925.0,552.0,2.93,0.833,13936.0,5073.0,2.175,0.677,18831.0,5447.0,2.888,0.825,9732.0,4104.0,2.124,0.632,10458.0,3421.0,2.512,0.745,8567.0,3499.0,2.158,0.632,2566.0,434.0,3.753,0.739,283.0,5672.1,749.0,304.0,2.115,0.457,2859.9,2686.3,2441.9,5469.0,1800.0,2.894,1.0,1440.9,5672.0,1875.0,2.913,0.902,2650.0,1047.0,2.172,0.608,1791.0,513.0,2.813,0.925,4452.0,1591.0,2.493,0.558,3535.5,49377.8,11226.0,18904.3,1449.3,2121.0,1091.0,1.752,0.623,1658.0,353.0,3.349,1.002,766.0,153.0,2.959,0.754,8731.0,2817.0,2.487,0.723,69547.3,3661.5,578.4,2917.0,9060.0,3720.0,2.158,0.611,7798.0,2385.0,2.503,0.816,2044.0,876.0,2.164,0.847,8372.0,3710.0,2.04,0.619,6470.0,2248.0,2.456,0.759,45606.3,4758.0,2333.0,1.847,0.577,3738.0,1166.0,2.473,0.811,221.0,7813.0,2544.0,2.446,0.69,1511.4,3345.0,1242.0,2.403,0.68,2277.0,718.0,2.401,0.973,3956.0,1405.0,2.364,0.662,1954.0,633.0,2.323,0.693,2339.0,855.0,2.217,0.715,1684.0,1280.0,1.351,0.351,7367.0,3434.0,1.849,0.609,227.6,2569.0,1065.0,2.236,0.745,10729.0,4017.0,2.368,0.635,7574.0,3253.0,2.153,0.553,4872.6,2137.0,606.0,2.889,0.917,13357.0,4917.0,2.215,0.666,18345.0,5364.0,2.796,0.7,10896.0,4512.0,2.149,0.57,9899.0,3327.0,2.504,0.715,9252.0,3632.0,2.149,0.653,176.3,2727.0,542.0,3.477,0.798,6959.4,1058.0,397.0,2.247,0.449,2863.8,80.9,350.8,543.3,293.4,1389.4,1962.0,866.0,2.313,0.551,1998.0,692.0,2.583,0.806,3549.0,1404.0,2.392,0.538,3742.9,52319.2,11188.6,1384.4,2384.0,2473.0,1167.0,1.907,0.568,1513.0,344.0,3.157,0.947,1066.0,275.0,2.544,0.683,8414.0,2720.0,2.536,0.787,71719.4,3731.1,2545.1,10198.0,4178.0,2.153,0.594,8478.0,2757.0,2.442,0.832,1949.0,848.0,2.111,0.779,8986.0,4260.0,1.869,0.541,6518.0,2296.0,2.478,0.828,40997.8,4940.0,2577.0,1.69,0.559,3979.0,1532.0,2.195,0.722,9465.0,2782.0,2.753,0.698,3461.7,2659.14,6487.2,3719.44,546.373,96.953,3196.33,4194.6,2957.41,7620.66,4183.29,216.474,189.368,2729.46,4403.74,157263.214,163432.029,320695.244,50130.0,530042.503,847850.746,"MCI"
75.0,0,1378.2,3590.0,1297.0,2.375,0.638,1043.0,554.0,1.671,0.702,3926.0,1465.0,2.257,0.498,1809.0,602.0,2.209,0.669,3800.0,1460.0,2.127,0.561,1476.0,989.0,1.551,0.417,7814.0,3678.0,1.823,0.493,2043.0,840.0,2.395,0.897,1245812.173,11649.0,4548.0,2.24,0.593,7833.0,3410.0,1.978,0.605,4040.8,1947.0,650.0,2.578,0.864,11212.0,4140.0,2.164,0.638,17331.0,6090.0,2.283,0.66,7623.0,3704.0,1.762,0.514,8928.0,3364.0,2.121,0.651,7344.0,3141.0,2.022,0.481,2238.0,386.0,3.27,0.914,353.5,3854.6,689.0,312.0,1.982,0.388,2779.0,2932.6,15479.5,6440.0,2257.0,2.695,0.814,1144.6,6265.0,2078.0,2.735,1.007,1664.0,785.0,2.106,0.413,1705.0,515.0,3.018,0.912,4193.0,1551.0,2.293,0.528,2872.5,29975.0,11271.5,14871.7,1660.0,3080.0,1647.0,1.66,0.497,1193.0,347.0,2.418,0.817,754.0,212.0,2.323,0.627,6746.0,2683.0,2.201,0.737,71635.8,2696.8,879.6,1641.3,8322.0,3933.0,1.862,0.508,6438.0,2057.0,2.422,0.83,1770.0,752.0,2.199,0.757,9337.0,4631.0,1.762,0.57,6475.0,2204.0,2.39,0.728,34734.2,5778.0,3259.0,1.658,0.503,4763.0,1849.0,2.128,0.739,323.0,5836.0,2279.0,2.16,0.68,1335.5,3523.0,1272.0,2.342,0.56,1845.0,674.0,2.148,0.829,4453.0,1623.0,2.293,0.454,1931.0,532.0,2.598,0.663,3164.0,1087.0,2.268,0.581,2062.0,1407.0,1.536,0.406,8016.0,3449.0,1.95,0.559,359.6,2277.0,859.0,2.392,0.745,11867.0,4313.0,2.361,0.605,7418.0,3182.0,2.099,0.51,4698.7,2639.0,853.0,2.633,0.937,10157.0,3888.0,2.144,0.583,15739.0,5192.0,2.404,0.724,9785.0,4375.0,1.931,0.492,9889.0,3462.0,2.313,0.688,8188.0,3584.0,2.052,0.462,268.2,3062.0,477.0,3.816,0.64,6293.8,1073.0,446.0,2.126,0.347,2987.5,219.0,187.8,800.5,434.8,1407.4,1155.0,607.0,1.846,0.519,1404.0,527.0,2.672,1.005,5553.0,2010.0,2.374,0.571,2499.6,36686.3,11447.7,1550.9,1398.5,2037.0,1092.0,1.622,0.5,1288.0,332.0,2.6,0.775,943.0,271.0,2.381,0.561,6525.0,2553.0,2.116,0.751,72537.5,2411.7,1224.6,8731.0,4052.0,1.865,0.524,6835.0,2239.0,2.295,0.751,1987.0,941.0,1.889,0.662,12772.0,5968.0,1.727,0.799,6582.0,2615.0,2.164,0.708,15860.6,5502.0,2686.0,1.762,0.555,4086.0,1687.0,2.06,0.647,6512.0,2249.0,2.306,0.707,1445.9,2677.96,6485.02,3304.62,482.946,539.305,2375.2,3901.92,2815.09,6076.39,3389.7,4.314,228.941,2049.5,3608.35,179938.599,204064.425,384003.024,42199.0,461667.745,839027.769,"AD"
75.0,1,1435.3,4722.0,1678.0,2.38,0.657,2257.0,731.0,2.461,0.824,3907.0,1454.0,2.4,0.494,2310.0,688.0,2.538,0.642,4961.0,1682.0,2.336,0.768,2903.0,1402.0,1.993,0.532,10466.0,4435.0,2.015,0.571,3037.0,1123.0,2.411,0.692,1354316.468,12402.0,4244.0,2.512,0.612,10627.0,4073.0,2.315,0.577,5122.5,2634.0,903.0,2.498,0.876,16425.0,5886.0,2.217,0.641,19138.0,6370.0,2.501,0.63,11699.0,4570.0,2.156,0.59,10794.0,3558.0,2.545,0.676,10954.0,4250.0,2.221,0.584,2085.0,407.0,3.318,0.656,361.3,6245.8,925.0,438.0,1.914,0.467,3707.6,1764.9,4183.6,7240.0,2407.0,2.832,0.935,1511.3,6456.0,2432.0,2.536,0.807,2845.0,1140.0,2.453,0.482,1259.0,497.0,2.199,0.516,6023.0,2304.0,2.279,0.594,4076.0,50089.0,16930.7,21129.3,1933.5,3050.0,1400.0,1.86,0.549,2040.0,416.0,3.107,1.153,938.0,247.0,2.366,0.648,6672.0,2283.0,2.579,0.713,77939.8,4619.8,579.7,458.5,11954.0,4675.0,2.255,0.539,9908.0,3124.0,2.581,0.814,3126.0,1222.0,2.247,0.78,10421.0,4855.0,1.989,0.684,5329.0,2057.0,2.147,0.731,13627.6,7963.0,3716.0,2.014,0.613,4632.0,1920.0,1.993,0.654,341.6,10135.0,3034.0,2.612,0.707,1283.6,4797.0,1804.0,2.249,0.548,2283.0,654.0,2.741,0.816,3887.0,1462.0,2.276,0.627,1182.0,458.0,1.935,0.528,2915.0,1178.0,2.026,0.637,2691.0,1352.0,2.418,0.604,7557.0,2821.0,2.315,0.542,374.7,3438.0,1197.0,2.429,0.711,12670.0,5088.0,2.099,0.645,8592.0,3442.0,2.239,0.578,4114.3,2157.0,733.0,2.514,0.864,11687.0,4833.0,2.012,0.653,18340.0,6437.0,2.324,0.704,8730.0,3928.0,1.985,0.567,9883.0,3296.0,2.549,0.626,8619.0,3140.0,2.379,0.515,270.0,1747.0,377.0,3.141,1.003,6749.9,1289.0,442.0,2.459,0.505,4224.6,83.5,212.4,811.6,506.9,1619.0,2031.0,858.0,2.289,0.511,2272.0,807.0,2.371,0.823,4992.0,1795.0,2.392,0.533,3802.8,45765.1,16456.5,1199.2,1835.6,3609.0,1495.0,2.012,0.518,1956.0,367.0,3.175,0.913,769.0,276.0,2.039,0.701,6824.0,2396.0,2.597,0.686,82646.1,4031.1,672.2,11135.0,4607.0,2.119,0.509,8935.0,3140.0,2.267,0.828,2638.0,930.0,2.392,0.778,10293.0,4487.0,1.893,0.62,7460.0,2756.0,2.362,0.779,14997.4,7391.0,3107.0,2.138,0.636,5575.0,1840.0,2.45,0.869,11706.0,3461.0,2.532,0.779,1707.9,2992.71,9007.05,4837.24,683.95,457.879,4044.19,5839.25,2787.61,8522.72,4888.76,264.926,245.47,3169.03,5282.92,200495.715,218798.541,419294.256,54780.0,574498.604,934011.86,"MCI"
59.0,0,1517.7,3353.0,1387.0,2.333,0.695,1773.0,600.0,2.624,0.706,3500.0,1204.0,2.691,0.6,2476.0,687.0,2.727,0.908,3931.0,1307.0,2.524,0.712,1654.0,1365.0,1.317,0.38,7364.0,3358.0,1.935,0.688,2860.0,1010.0,2.628,0.546,1473858.427,12318.0,4364.0,2.561,0.681,10024.0,4091.0,2.286,0.609,5130.0,1765.0,625.0,2.472,0.656,14518.0,5240.0,2.304,0.749,18815.0,6112.0,2.698,0.682,12031.0,4361.0,2.252,0.74,11172.0,3218.0,2.997,0.815,9321.0,3266.0,2.612,0.737,2485.0,402.0,3.954,0.676,747.2,7467.0,960.0,362.0,2.392,0.638,4420.5,1147.3,2358.5,5953.0,2144.0,2.753,0.857,2286.4,6171.0,2013.0,3.142,0.833,2156.0,935.0,2.329,0.513,1782.0,563.0,3.021,0.549,6088.0,2212.0,2.408,0.665,3904.0,46230.7,13543.4,21409.1,1111.1,2025.0,1138.0,1.65,0.476,1713.0,424.0,3.144,0.947,920.0,217.0,2.991,0.371,9188.0,2623.0,2.978,0.701,74862.2,4290.9,855.2,305.7,9524.0,3628.0,2.255,0.69,11485.0,2888.0,3.208,0.896,2494.0,807.0,2.989,0.71,10433.0,3773.0,2.348,0.835,6848.0,2246.0,2.828,0.615,6776.6,5766.0,2811.0,1.912,0.65,5431.0,2130.0,2.392,0.867,367.6,10211.0,2804.0,2.953,0.776,1520.5,3135.0,1306.0,2.293,0.641,2180.0,679.0,2.866,0.704,3950.0,1303.0,2.611,0.568,1700.0,490.0,2.772,0.731,2965.0,1121.0,2.358,0.584,1590.0,1295.0,1.365,0.363,7552.0,3209.0,2.056,0.743,383.3,2753.0,1096.0,2.651,0.646,12138.0,4090.0,2.647,0.734,9306.0,3586.0,2.346,0.693,6377.0,2129.0,657.0,2.946,0.649,13816.0,4960.0,2.392,0.735,21340.0,6676.0,2.821,0.657,12863.0,5234.0,2.093,0.669,12454.0,3467.0,3.024,0.777,10256.0,3444.0,2.634,0.692,375.7,2942.0,451.0,4.427,0.622,8159.5,1189.0,456.0,2.461,0.481,4236.5,95.0,229.2,716.7,568.0,2440.9,2119.0,846.0,2.281,0.767,2221.0,805.0,2.497,0.802,4931.0,1858.0,2.365,0.65,4124.5,47198.0,11674.0,1243.6,1219.1,2345.0,1271.0,1.708,0.54,1743.0,375.0,3.311,0.904,1141.0,229.0,3.3,0.701,8462.0,2721.0,2.719,0.738,75687.3,4952.5,79.5,11957.0,4334.0,2.41,0.634,10914.0,2612.0,3.408,0.791,2572.0,908.0,2.576,0.653,14255.0,4999.0,2.377,0.741,6742.0,2424.0,2.698,0.789,6445.5,5520.0,2585.0,2.01,0.696,4830.0,1794.0,2.435,0.842,10096.0,2955.0,2.857,0.73,1906.4,2448.51,8299.86,4464.36,337.327,336.414,3953.12,5358.43,3019.39,9455.48,5262.19,223.416,904.07,4287.14,5584.37,239688.233,240676.078,480364.311,63830.0,589243.268,992245.578,"HC"
80.0,0,1175.8,3453.0,1578.0,2.093,0.682,1785.0,531.0,2.568,0.953,3177.0,1129.0,2.375,0.637,1831.0,576.0,2.364,0.733,2116.0,909.0,2.163,0.576,2185.0,1583.0,1.444,0.367,8279.0,4209.0,1.838,0.645,2527.0,1045.0,2.179,0.67,1399650.708,10980.0,5379.0,1.93,0.689,7156.0,3339.0,1.977,0.649,4539.6,1816.0,556.0,2.577,1.011,13071.0,5327.0,2.044,0.634,16773.0,5884.0,2.375,0.752,7969.0,4264.0,1.766,0.629,10092.0,3601.0,2.404,0.609,7959.0,3552.0,2.043,0.64,1687.0,350.0,3.492,0.655,229.3,5794.8,785.0,309.0,2.2,0.489,2980.6,2474.3,4565.6,5664.0,2043.0,2.627,0.976,1105.6,5916.0,2347.0,2.456,0.921,2250.0,936.0,2.276,0.553,1830.0,650.0,2.6,1.028,4318.0,1866.0,2.061,0.685,3619.0,40476.9,10364.6,17872.9,1248.6,2474.0,1358.0,1.715,0.461,1008.0,254.0,2.612,0.882,733.0,174.0,2.756,0.653,7171.0,2738.0,2.164,0.683,70569.9,2469.7,618.2,2289.8,6535.0,3377.0,1.794,0.519,5996.0,2139.0,2.273,0.727,1962.0,916.0,1.849,0.686,7787.0,3970.0,1.843,0.499,5546.0,2103.0,2.28,0.609,31146.1,4697.0,2576.0,1.748,0.537,3580.0,1408.0,2.062,0.787,297.8,6472.0,2281.0,2.244,0.605,1378.7,3477.0,1338.0,2.355,0.647,1842.0,606.0,2.369,0.86,3209.0,1224.0,2.246,0.517,1521.0,497.0,2.219,0.653,1976.0,833.0,2.106,0.512,1988.0,1548.0,1.45,0.377,9248.0,4132.0,2.004,0.649,247.6,2540.0,1051.0,2.169,0.701,11024.0,4609.0,2.264,0.578,6418.0,3100.0,1.924,0.591,4640.6,2549.0,774.0,2.605,1.082,12085.0,4492.0,2.165,0.676,14144.0,5274.0,2.298,0.662,7717.0,4053.0,1.798,0.534,11280.0,4011.0,2.277,0.656,8287.0,3367.0,2.149,0.591,321.1,1897.0,409.0,2.692,1.007,5587.3,1125.0,461.0,2.309,0.358,3165.0,124.6,279.9,663.9,360.6,1420.3,2381.0,1024.0,2.226,0.583,1387.0,640.0,2.171,0.71,4385.0,2033.0,2.019,0.587,3979.2,41553.7,10406.9,1453.5,2155.0,2244.0,1223.0,1.689,0.539,1141.0,335.0,2.105,1.19,909.0,265.0,2.35,0.658,6947.0,2825.0,1.989,0.751,75759.6,2983.7,1656.7,8766.0,4641.0,1.835,0.552,7741.0,2916.0,2.188,0.791,2111.0,948.0,2.087,0.832,5712.0,3238.0,1.743,0.539,5698.0,2074.0,2.186,0.731,31302.4,4239.0,2540.0,1.534,0.44,4058.0,1526.0,2.047,0.754,9047.0,3064.0,2.357,0.688,2365.4,2334.27,5246.72,3104.11,162.659,574.288,2400.97,3179.24,2717.89,6526.34,3747.99,202.949,341.691,2865.08,3696.82,158547.772,170516.657,329064.428,46656.0,471817.147,791610.575,"MCI"
66.0,0,1519.3,3122.0,1161.0,2.423,0.547,1489.0,458.0,2.723,0.756,2468.0,888.0,2.451,0.413,2380.0,655.0,2.709,0.688,2662.0,957.0,2.366,0.449,2059.0,1235.0,1.732,0.382,8118.0,3365.0,2.112,0.534,2385.0,1047.0,2.086,0.613,1316424.286,10980.0,3986.0,2.52,0.51,6840.0,2984.0,2.119,0.467,4542.0,1272.0,421.0,2.492,0.698,12121.0,4440.0,2.248,0.581,15093.0,5166.0,2.497,0.538,9514.0,4052.0,2.049,0.498,8564.0,2966.0,2.495,0.554,7119.0,2868.0,2.257,0.467,1750.0,357.0,3.193,0.612,376.5,6397.5,657.0,240.0,2.372,0.281,3353.9,1450.1,2785.6,5003.0,1845.0,2.721,0.917,674.1,5126.0,1970.0,2.632,0.822,1323.0,690.0,1.916,0.431,1438.0,607.0,2.309,0.516,3543.0,1442.0,2.207,0.496,3502.6,43285.4,11765.9,20378.2,1187.6,2547.0,1220.0,1.817,0.461,949.0,286.0,2.497,0.637,686.0,177.0,2.806,0.555,6533.0,2337.0,2.4,0.599,63049.4,1815.6,745.7,1115.5,6277.0,2828.0,1.986,0.456,6535.0,2474.0,2.325,0.591,1492.0,769.0,1.904,0.652,8290.0,3609.0,1.963,0.532,5793.0,2163.0,2.384,0.625,14560.0,4598.0,2215.0,1.852,0.547,3805.0,1528.0,2.164,0.732,417.2,6420.0,2231.0,2.361,0.576,1733.2,2809.0,1083.0,2.348,0.545,1603.0,459.0,2.675,0.8,3488.0,1269.0,2.429,0.463,1648.0,511.0,2.466,0.556,3193.0,1203.0,2.328,0.381,1998.0,1205.0,1.718,0.423,7901.0,3223.0,2.149,0.544,390.0,1858.0,843.0,2.057,0.59,10787.0,3864.0,2.542,0.513,5898.0,2858.0,1.901,0.474,4740.1,2193.0,698.0,2.737,0.555,10679.0,4057.0,2.209,0.508,14675.0,5218.0,2.403,0.508,8966.0,3889.0,2.041,0.463,8392.0,2999.0,2.413,0.568,6418.0,2490.0,2.283,0.499,378.7,2179.0,412.0,3.323,0.687,6360.8,804.0,350.0,2.209,0.351,3387.3,51.0,202.0,988.5,406.6,918.3,1285.0,648.0,1.991,0.341,2146.0,750.0,2.396,0.83,3754.0,1486.0,2.275,0.477,3578.1,43512.7,11875.6,1483.7,1667.9,2926.0,1227.0,2.057,0.42,1095.0,278.0,2.761,0.709,891.0,230.0,2.763,0.595,6942.0,2560.0,2.463,0.57,64910.8,1968.8,1107.6,8259.0,3601.0,2.041,0.473,7040.0,2439.0,2.427,0.569,1494.0,707.0,1.998,0.672,8681.0,3547.0,2.169,0.503,5761.0,2048.0,2.508,0.645,14848.8,5417.0,2485.0,1.936,0.553,3986.0,1472.0,2.285,0.659,6488.0,2217.0,2.454,0.562,1817.9,1600.42,4187.32,2405.0,282.103,427.126,1966.4,2327.73,1865.01,4056.41,2311.82,208.341,386.619,2013.68,2910.51,169956.665,175527.024,345483.689,46756.0,459849.085,755610.774,"AD"
55.0,1,1719.8,3881.0,1609.0,2.275,0.609,2938.0,852.0,2.889,0.779,4458.0,1724.0,2.343,0.434,2608.0,890.0,2.417,0.448,3838.0,1532.0,2.251,0.445,2383.0,1724.0,1.496,0.37,8915.0,4483.0,1.845,0.552,3921.0,1594.0,2.238,0.65,1548687.055,14180.0,5630.0,2.35,0.584,11540.0,4825.0,2.226,0.619,5998.9,2498.0,927.0,2.546,0.728,13571.0,5609.0,2.154,0.512,23821.0,8331.0,2.512,0.616,13979.0,6246.0,2.022,0.558,10160.0,3576.0,2.556,0.604,11659.0,4566.0,2.358,0.454,2542.0,463.0,3.972,0.582,590.6,9066.3,793.0,388.0,1.86,0.35,4073.7,1272.1,1470.0,6821.0,2359.0,2.92,0.816,1706.2,7471.0,2671.0,2.854,0.742,2828.0,1219.0,2.453,0.461,2701.0,1026.0,2.401,0.646,6511.0,2621.0,2.282,0.584,3918.2,58222.8,18504.0,25016.5,1588.1,2869.0,1586.0,1.649,0.464,2319.0,449.0,3.694,0.772,821.0,216.0,2.776,0.346,11908.0,3808.0,2.75,0.608,93259.5,4265.6,1211.5,422.9,12645.0,5238.0,2.206,0.568,12485.0,4023.0,2.685,0.62,2167.0,857.0,2.49,0.711,11312.0,5019.0,2.069,0.552,7895.0,2844.0,2.702,0.626,15351.4,6689.0,3267.0,1.898,0.649,5675.0,2246.0,2.354,0.778,487.5,10500.0,3317.0,2.696,0.593,2090.8,3493.0,1586.0,2.124,0.479,2476.0,637.0,3.154,0.715,4180.0,1578.0,2.435,0.537,2309.0,704.0,2.591,0.709,3880.0,1591.0,2.215,0.472,2014.0,1506.0,1.476,0.347,9693.0,4516.0,1.912,0.658,587.0,3560.0,1321.0,2.52,0.555,12770.0,5360.0,2.246,0.631,10352.0,4625.0,2.204,0.551,5297.9,3013.0,1047.0,2.75,0.58,15411.0,6329.0,2.18,0.508,22192.0,7591.0,2.649,0.611,12692.0,5709.0,2.05,0.593,11411.0,4064.0,2.511,0.657,9569.0,3965.0,2.233,0.565,442.4,2587.0,497.0,3.995,0.458,10084.5,962.0,538.0,1.681,0.351,4614.7,19.2,259.5,1025.9,582.0,1789.2,2749.0,1117.0,2.44,0.413,2113.0,918.0,2.404,0.643,5668.0,2143.0,2.448,0.427,4557.9,58935.4,18960.1,1265.2,2289.4,2667.0,1461.0,1.713,0.502,1766.0,350.0,3.544,0.839,1021.0,322.0,2.357,0.42,10468.0,3417.0,2.654,0.629,94253.5,4575.9,283.4,13164.0,5368.0,2.31,0.473,12758.0,3907.0,2.724,0.607,2296.0,956.0,2.134,0.73,10496.0,4425.0,2.121,0.564,7596.0,2720.0,2.561,0.608,12694.3,8315.0,3930.0,1.943,0.598,4380.0,1742.0,2.181,0.676,12010.0,3837.0,2.711,0.528,1133.5,2713.88,8160.25,4633.33,555.512,243.783,3799.32,5381.55,2900.58,9152.72,5032.36,563.969,383.555,3541.82,5652.85,255008.087,255790.567,510798.654,67209.0,655621.204,1085996.858,"HC"
58.0,0,1558.1,4042.0,1623.0,2.331,0.427,2280.0,825.0,2.472,0.623,4059.0,1556.0,2.418,0.391,2403.0,787.0,2.508,0.515,4302.0,1536.0,2.43,0.512,2619.0,1521.0,1.787,0.445,9585.0,4115.0,2.07,0.611,3173.0,1183.0,2.577,0.55,1469196.097,12272.0,4784.0,2.388,0.521,9093.0,3664.0,2.34,0.517,5809.9,1853.0,651.0,2.502,0.677,14373.0,5821.0,2.147,0.557,18998.0,7123.0,2.38,0.5,12574.0,5254.0,2.122,0.437,10652.0,3457.0,2.704,0.598,10198.0,3826.0,2.429,0.48,2059.0,403.0,3.577,0.653,429.0,6799.1,827.0,301.0,2.37,0.265,3654.5,1119.3,958.6,6146.0,2100.0,2.872,0.979,1295.4,6446.0,2241.0,2.828,0.857,2418.0,1101.0,2.235,0.369,1674.0,626.0,2.393,0.608,5927.0,2355.0,2.315,0.527,3626.1,48483.5,16381.9,20338.8,1139.8,3019.0,1345.0,1.992,0.405,1848.0,396.0,3.284,0.88,863.0,235.0,2.62,0.457,9813.0,3402.0,2.482,0.653,83706.7,3773.3,807.5,255.6,13890.0,5380.0,2.273,0.483,12430.0,3961.0,2.598,0.635,2425.0,896.0,2.575,0.709,9802.0,3842.0,2.205,0.505,6452.0,2324.0,2.507,0.55,9098.5,6833.0,3127.0,1.932,0.61,4641.0,1645.0,2.341,0.795,312.2,9710.0,3119.0,2.675,0.576,1371.3,3488.0,1357.0,2.341,0.446,2236.0,675.0,2.728,0.869,4356.0,1744.0,2.216,0.471,2153.0,666.0,2.524,0.499,3119.0,1192.0,2.328,0.503,2319.0,1360.0,1.838,0.419,10013.0,4251.0,2.096,0.616,353.2,3181.0,1137.0,2.725,0.516,11896.0,4705.0,2.319,0.517,8104.0,3344.0,2.25,0.502,5208.6,2439.0,925.0,2.423,0.689,14393.0,5692.0,2.217,0.537,18957.0,6859.0,2.439,0.495,12458.0,5426.0,2.083,0.453,11527.0,3645.0,2.741,0.581,10753.0,4023.0,2.457,0.514,309.3,1983.0,438.0,3.224,0.919,8047.0,1091.0,415.0,2.463,0.33,3286.9,107.8,165.1,864.2,539.9,1555.1,2130.0,925.0,2.274,0.409,2170.0,813.0,2.365,0.671,5911.0,2183.0,2.465,0.526,3931.2,49260.1,14747.2,1437.3,1637.7,3313.0,1435.0,2.029,0.435,1832.0,424.0,3.27,1.01,773.0,207.0,2.748,0.456,11343.0,3767.0,2.558,0.628,84841.8,3442.9,166.1,14046.0,5416.0,2.371,0.515,9086.0,3034.0,2.549,0.661,1605.0,715.0,2.33,0.552,10031.0,4157.0,2.113,0.517,6817.0,2519.0,2.458,0.584,10088.1,6612.0,3110.0,1.947,0.564,4896.0,1882.0,2.256,0.707,12488.0,3587.0,2.824,0.623,1242.5,2348.14,7026.85,3914.78,463.292,181.14,3488.95,4486.38,2327.17,7043.46,3802.54,393.546,362.875,3268.94,4184.69,219588.743,225849.229,445437.972,55960.0,594870.169,967846.141,"HC"
61.0,1,1432.9,3351.0,1397.0,2.299,0.474,1927.0,659.0,2.575,0.52,4466.0,1500.0,2.647,0.533,3326.0,873.0,2.758,0.744,4908.0,1677.0,2.388,0.656,2721.0,1643.0,1.719,0.523,9236.0,4258.0,1.946,0.67,3642.0,1321.0,2.427,0.715,1525219.675,12794.0,4939.0,2.4,0.567,10525.0,4097.0,2.386,0.563,4994.1,1391.0,443.0,2.834,0.734,17043.0,6150.0,2.297,0.624,21737.0,7298.0,2.497,0.63,13122.0,5499.0,2.111,0.498,11678.0,3619.0,2.697,0.718,10561.0,3820.0,2.47,0.546,2421.0,461.0,3.491,0.849,476.0,7304.7,945.0,336.0,2.506,0.39,4038.5,2352.5,1475.3,6639.0,2030.0,3.109,0.898,1344.6,6999.0,2084.0,3.186,0.962,2208.0,937.0,2.44,0.396,1644.0,649.0,2.454,0.657,5170.0,2107.0,2.262,0.539,3146.1,56551.4,14293.2,23142.8,1353.8,3322.0,1666.0,1.789,0.477,2135.0,479.0,3.196,0.97,1015.0,251.0,2.919,0.548,12401.0,3416.0,3.066,0.726,87392.6,4063.5,756.7,605.1,14689.0,5197.0,2.486,0.645,12730.0,3472.0,2.976,0.754,2780.0,934.0,2.921,0.829,13699.0,5030.0,2.297,0.651,7762.0,2595.0,2.538,0.706,14489.5,8641.0,3481.0,2.179,0.628,5918.0,1988.0,2.495,0.824,363.2,12198.0,3313.0,2.939,0.7,1333.8,3672.0,1390.0,2.381,0.465,1865.0,576.0,2.767,0.652,5243.0,1815.0,2.546,0.607,2560.0,689.0,2.756,0.682,3968.0,1343.0,2.448,0.506,2433.0,1485.0,1.686,0.523,8757.0,4120.0,1.925,0.629,390.1,3548.0,1200.0,2.874,0.808,13254.0,5270.0,2.355,0.543,9322.0,3690.0,2.369,0.515,3916.4,2927.0,784.0,3.004,1.054,17175.0,6020.0,2.376,0.647,21999.0,7081.0,2.604,0.606,12766.0,5454.0,2.078,0.493,12487.0,3986.0,2.688,0.668,9700.0,3949.0,2.315,0.571,300.0,2887.0,584.0,3.476,0.925,7526.0,957.0,410.0,2.123,0.467,3867.2,57.2,265.8,725.3,452.1,1526.2,2498.0,949.0,2.598,0.423,1341.0,594.0,2.215,0.709,5902.0,2273.0,2.314,0.554,3719.1,58919.6,13764.6,1298.2,1399.5,3164.0,1503.0,1.836,0.44,1503.0,275.0,3.494,1.006,1172.0,289.0,2.73,0.539,11461.0,3288.0,2.891,0.742,87589.6,4174.5,228.2,16740.0,5991.0,2.487,0.645,10376.0,3002.0,2.819,0.799,2078.0,773.0,2.327,0.724,12886.0,4627.0,2.295,0.728,7812.0,2791.0,2.498,0.744,10067.2,8073.0,3434.0,2.107,0.643,5987.0,2053.0,2.425,0.779,14255.0,3672.0,2.988,0.803,1840.6,2204.79,6814.19,4037.79,455.861,331.177,4027.95,4574.22,2497.41,7919.94,4477.2,632.366,527.258,3796.44,4484.75,215981.346,211891.972,427873.318,55045.0,664127.345,1007201.662,"HC"
58.0,1,1409.8,3800.0,1471.0,2.297,0.605,1970.0,528.0,3.057,0.737,3914.0,1258.0,2.613,0.574,3268.0,855.0,2.884,0.905,3992.0,1345.0,2.393,0.737,2884.0,1510.0,1.868,0.489,8902.0,3765.0,2.093,0.655,2742.0,1080.0,2.196,0.683,1416855.341,13418.0,5196.0,2.365,0.603,8456.0,3197.0,2.366,0.532,5112.6,1867.0,584.0,3.134,0.766,14041.0,5118.0,2.23,0.647,21643.0,6834.0,2.622,0.684,11553.0,4710.0,2.165,0.551,12760.0,3617.0,2.981,0.719,10592.0,3624.0,2.596,0.641,2419.0,379.0,4.044,0.718,462.7,6576.0,1391.0,395.0,2.852,0.399,3399.1,1778.2,1029.1,7398.0,2310.0,3.175,1.059,1664.1,6893.0,2080.0,3.252,0.918,2164.0,975.0,2.327,0.493,2038.0,619.0,2.736,0.821,5563.0,2070.0,2.414,0.532,3810.4,49916.9,11879.7,18896.4,1647.5,3213.0,1328.0,2.159,0.557,2258.0,419.0,3.74,0.905,707.0,143.0,3.156,0.895,9754.0,2646.0,2.948,0.696,80257.8,3832.8,693.9,555.8,10385.0,3537.0,2.557,0.574,11363.0,3046.0,2.845,0.986,2985.0,1138.0,2.387,0.76,12311.0,4562.0,2.256,0.591,8280.0,2878.0,2.486,0.696,11571.7,6595.0,2683.0,2.169,0.618,5763.0,1880.0,2.66,0.824,379.8,10363.0,2678.0,2.925,0.723,1189.0,3075.0,1200.0,2.355,0.511,2437.0,577.0,3.324,0.775,5037.0,1722.0,2.514,0.574,2622.0,773.0,2.594,0.723,4382.0,1471.0,2.545,0.523,2347.0,1366.0,1.756,0.519,8536.0,3759.0,2.012,0.621,347.3,2603.0,1009.0,2.333,0.619,12598.0,4617.0,2.461,0.576,8589.0,3335.0,2.348,0.608,5186.4,3043.0,784.0,2.995,0.868,15527.0,5279.0,2.414,0.681,22374.0,7041.0,2.65,0.645,13665.0,5306.0,2.263,0.562,13668.0,3773.0,3.053,0.682,12762.0,4297.0,2.61,0.589,366.5,2879.0,491.0,3.94,0.636,7099.2,1400.0,547.0,2.491,0.479,3492.0,70.4,229.4,947.1,505.2,1719.2,2070.0,825.0,2.541,0.506,1692.0,739.0,2.01,0.798,6927.0,2470.0,2.468,0.537,3926.2,50838.9,11390.1,1273.3,1979.2,3369.0,1471.0,1.975,0.538,1901.0,293.0,4.123,0.758,1146.0,222.0,3.44,0.428,8948.0,2660.0,2.868,0.701,78488.8,3990.3,305.5,12299.0,4445.0,2.415,0.677,10292.0,2559.0,3.049,0.742,2610.0,1046.0,2.264,0.825,9159.0,3784.0,2.046,0.703,9437.0,3110.0,2.654,0.764,14079.3,6758.0,2608.0,2.278,0.658,5194.0,1592.0,2.669,0.67,11843.0,3117.0,2.991,0.819,2339.1,2376.3,7448.45,3949.44,370.208,262.291,3061.38,4174.36,2428.85,7943.91,4362.0,360.44,374.893,3161.07,4463.58,207683.081,202972.005,410655.086,54769.0,624656.557,967156.643,"HC"
63.0,1,1549.6,2838.0,1156.0,2.306,0.461,1757.0,601.0,2.501,0.599,2770.0,1099.0,2.32,0.426,2249.0,660.0,2.503,0.601,3692.0,1465.0,2.185,0.451,2119.0,1477.0,1.558,0.472,7845.0,3515.0,1.959,0.491,2449.0,1041.0,2.236,0.667,1351456.089,11037.0,4282.0,2.419,0.493,8519.0,3316.0,2.431,0.495,4449.1,1773.0,473.0,3.127,0.789,13965.0,5170.0,2.205,0.613,15953.0,5674.0,2.45,0.537,12991.0,5163.0,2.185,0.512,8607.0,2948.0,2.528,0.572,7449.0,2948.0,2.343,0.439,1787.0,368.0,3.583,0.505,357.8,5993.7,783.0,307.0,2.28,0.3,3405.4,1390.9,815.6,5562.0,2037.0,2.851,0.722,1300.6,5132.0,1791.0,2.863,0.847,1942.0,811.0,2.307,0.436,904.0,444.0,2.098,0.57,4243.0,1679.0,2.272,0.534,3469.6,46559.9,13686.3,18748.5,1302.5,3071.0,1520.0,1.829,0.519,1871.0,405.0,3.359,0.76,572.0,171.0,2.389,0.471,8932.0,2980.0,2.659,0.662,75695.5,3692.4,809.6,349.2,10930.0,3930.0,2.472,0.582,9514.0,2891.0,2.868,0.7,1955.0,839.0,2.3,0.697,12402.0,4876.0,2.245,0.639,6625.0,2375.0,2.48,0.649,11602.9,6250.0,3028.0,1.836,0.606,4352.0,1576.0,2.416,0.721,449.6,10304.0,2934.0,2.892,0.573,1568.1,2638.0,1121.0,2.103,0.472,2098.0,764.0,2.492,0.516,3583.0,1470.0,2.259,0.377,2153.0,678.0,2.492,0.664,2889.0,1180.0,2.321,0.585,2057.0,1400.0,1.592,0.468,8929.0,3784.0,2.096,0.605,377.8,2529.0,982.0,2.459,0.589,12585.0,4656.0,2.46,0.529,7997.0,3327.0,2.235,0.505,4446.6,1339.0,439.0,2.771,0.776,13045.0,5020.0,2.178,0.614,18109.0,6328.0,2.489,0.543,11562.0,4707.0,2.158,0.522,9581.0,3227.0,2.679,0.588,9015.0,3259.0,2.455,0.543,468.8,2215.0,480.0,3.485,0.517,7339.1,917.0,377.0,2.236,0.317,3372.5,47.4,180.7,920.2,456.3,1589.8,2000.0,918.0,2.367,0.362,1848.0,693.0,2.298,0.822,4064.0,1549.0,2.372,0.437,3485.6,44864.8,13118.2,1169.4,1741.3,3225.0,1428.0,2.012,0.507,1627.0,276.0,3.732,0.8,857.0,245.0,2.464,0.667,8867.0,2873.0,2.762,0.633,73629.0,3927.5,268.5,14347.0,5245.0,2.421,0.575,10438.0,2935.0,2.907,0.746,1946.0,785.0,2.374,0.765,8352.0,3292.0,2.317,0.59,6489.0,2353.0,2.48,0.633,7658.3,6361.0,3014.0,1.951,0.61,4416.0,1541.0,2.468,0.718,9889.0,3029.0,2.682,0.613,1231.0,2160.98,7143.79,3977.94,460.58,323.801,3371.47,4351.94,2326.27,7529.99,4132.56,506.374,284.0,3075.25,4324.62,205179.178,202069.434,407248.612,52383.0,540542.019,881595.63,"HC"
60.0,0,1061.8,2951.0,1079.0,2.445,0.611,1661.0,450.0,2.975,0.786,2886.0,1052.0,2.361,0.497,2136.0,573.0,2.66,0.692,2717.0,986.0,2.321,0.567,2171.0,1219.0,1.845,0.468,8066.0,3368.0,2.11,0.575,2532.0,996.0,2.367,0.591,1257349.723,11917.0,4259.0,2.516,0.574,7022.0,3016.0,2.174,0.544,3853.0,1920.0,553.0,3.154,0.644,11643.0,4183.0,2.247,0.656,19322.0,6242.0,2.654,0.552,7997.0,3856.0,1.84,0.488,9075.0,2826.0,2.687,0.634,8549.0,3048.0,2.469,0.532,2125.0,328.0,4.089,0.617,235.6,5764.5,877.0,282.0,2.479,0.297,3066.6,1200.5,650.3,5841.0,1902.0,3.005,0.854,896.2,6476.0,2191.0,2.93,0.88,1413.0,752.0,1.852,0.418,1645.0,546.0,2.903,0.477,4353.0,1592.0,2.388,0.535,2676.9,41460.8,13075.7,17104.8,1405.5,1797.0,947.0,1.626,0.403,885.0,227.0,2.827,0.783,642.0,167.0,2.722,0.602,7330.0,2498.0,2.437,0.821,62071.6,2558.5,834.6,361.0,6351.0,2725.0,1.997,0.539,6418.0,2064.0,2.627,0.764,1920.0,754.0,2.307,0.693,5945.0,3342.0,1.614,0.447,6254.0,2158.0,2.524,0.69,11028.2,4229.0,2022.0,1.788,0.563,4262.0,1645.0,2.351,0.75,323.7,6191.0,2005.0,2.525,0.769,984.9,3038.0,1066.0,2.529,0.573,1775.0,551.0,2.568,0.749,4434.0,1548.0,2.43,0.461,1768.0,478.0,2.795,0.499,3109.0,1162.0,2.347,0.487,1898.0,1119.0,1.692,0.48,8004.0,3290.0,2.091,0.602,354.9,2447.0,969.0,2.349,0.516,10996.0,3838.0,2.575,0.54,5412.0,2496.0,1.934,0.535,3841.2,2226.0,645.0,2.955,0.545,10545.0,3813.0,2.3,0.584,18039.0,5872.0,2.619,0.54,7139.0,3723.0,1.723,0.465,8325.0,2814.0,2.522,0.722,6900.0,2571.0,2.291,0.566,222.6,2765.0,436.0,3.969,0.738,5933.4,856.0,336.0,2.259,0.296,2938.6,16.1,246.1,694.1,355.8,1006.2,1319.0,637.0,2.022,0.467,1511.0,567.0,2.903,0.646,4814.0,1740.0,2.4,0.511,2532.6,43204.4,14177.4,1121.7,1557.2,2402.0,1088.0,1.844,0.433,1129.0,208.0,3.775,0.718,1079.0,273.0,2.838,0.672,7457.0,2405.0,2.655,0.745,65526.3,2980.0,262.4,8884.0,3472.0,2.228,0.502,8259.0,2255.0,2.861,0.86,2208.0,878.0,2.407,0.729,7294.0,3088.0,1.998,0.546,6039.0,1990.0,2.577,0.634,9239.5,5002.0,2388.0,1.868,0.596,3808.0,1343.0,2.435,0.855,9750.0,2687.0,2.813,0.765,1410.1,1944.49,5431.85,2987.37,182.321,384.459,2101.65,3129.62,1887.86,6391.66,3468.36,147.388,285.895,2339.3,3152.76,158516.409,169481.276,327997.686,42056.0,472440.179,741406.865,"AD"
68.0,1,1580.5,2999.0,1297.0,2.257,0.49,1878.0,712.0,2.324,0.72,3400.0,1288.0,2.312,0.473,2431.0,690.0,2.633,0.67,3911.0,1514.0,2.176,0.541,2952.0,1769.0,1.726,0.446,8891.0,4057.0,1.957,0.555,2578.0,1115.0,2.167,0.656,1627803.072,12133.0,4869.0,2.309,0.601,7510.0,3324.0,2.121,0.532,6107.9,1743.0,564.0,2.603,0.803,14877.0,5688.0,2.157,0.602,16424.0,6072.0,2.38,0.528,12540.0,5539.0,2.015,0.511,9486.0,3080.0,2.638,0.6,7843.0,3075.0,2.208,0.592,2481.0,462.0,3.848,0.785,345.1,7569.6,782.0,283.0,2.387,0.306,3537.5,2324.1,4646.0,6649.0,2368.0,2.736,0.724,1098.0,6890.0,2410.0,2.803,0.762,1842.0,870.0,2.005,0.476,1758.0,700.0,2.458,0.66,5164.0,2324.0,2.087,0.531,5304.7,51998.3,13711.4,21123.1,2384.8,3112.0,1360.0,1.959,0.433,1371.0,296.0,3.062,0.911,708.0,216.0,2.461,0.56,5756.0,2367.0,2.067,0.637,76714.3,3437.4,743.8,2538.8,8367.0,3828.0,1.903,0.507,6985.0,2417.0,2.24,0.778,1937.0,806.0,2.171,0.641,8350.0,3981.0,1.829,0.475,6997.0,2462.0,2.448,0.592,24560.4,5327.0,2631.0,1.805,0.527,5018.0,1941.0,2.218,0.74,336.5,6350.0,2320.0,2.263,0.568,1701.9,3387.0,1358.0,2.314,0.563,1671.0,546.0,2.416,0.733,3869.0,1526.0,2.231,0.5,1931.0,627.0,2.384,0.482,3162.0,1236.0,2.213,0.568,2454.0,1518.0,1.664,0.572,8519.0,4040.0,1.876,0.572,331.7,2446.0,1022.0,2.155,0.542,11641.0,4832.0,2.24,0.559,6732.0,3109.0,1.983,0.509,5608.0,2364.0,820.0,2.707,0.843,14048.0,5401.0,2.142,0.572,17649.0,6738.0,2.298,0.544,11513.0,5610.0,1.846,0.482,9813.0,3519.0,2.404,0.632,6944.0,3068.0,2.015,0.536,292.2,2215.0,431.0,3.388,0.771,7362.0,1121.0,426.0,2.268,0.34,3693.1,100.3,318.1,768.6,402.7,1464.9,2224.0,1007.0,2.086,0.426,2132.0,858.0,2.367,0.798,5278.0,2267.0,2.113,0.465,4601.6,50862.1,12854.7,1660.7,2283.6,3270.0,1487.0,1.932,0.445,1964.0,402.0,3.595,0.974,984.0,285.0,2.611,0.413,9150.0,3005.0,2.507,0.677,79904.1,4136.3,966.5,10490.0,4666.0,2.036,0.587,9211.0,2895.0,2.545,0.717,2036.0,857.0,2.266,0.686,10504.0,4345.0,2.069,0.625,6921.0,2466.0,2.446,0.717,25400.5,6204.0,3082.0,1.83,0.526,5319.0,1903.0,2.372,0.751,8255.0,2569.0,2.606,0.662,1181.9,2957.0,7784.15,4471.31,209.396,590.894,2753.22,4032.75,3557.04,8770.72,4967.57,212.482,548.35,3390.67,5228.06,217771.46,231878.86,449650.321,59795.0,552365.752,960224.072,"AD"
57.0,0,1714.5,3488.0,1530.0,2.151,0.507,1767.0,547.0,2.826,1.002,4121.0,1592.0,2.22,0.49,1817.0,525.0,2.425,0.733,3497.0,1261.0,2.328,0.615,2219.0,1641.0,1.508,0.417,7642.0,3614.0,1.87,0.597,2371.0,976.0,2.355,0.619,1497417.445,11339.0,4499.0,2.275,0.611,6588.0,2946.0,2.073,0.572,4349.6,2663.0,704.0,3.196,0.733,11451.0,4195.0,2.216,0.65,16771.0,6047.0,2.399,0.559,9592.0,4511.0,1.915,0.503,9442.0,3231.0,2.431,0.711,8024.0,3285.0,2.182,0.618,2135.0,376.0,3.72,0.506,498.4,6674.8,803.0,288.0,2.414,0.366,3480.8,1752.5,1913.0,5506.0,1977.0,2.669,0.825,1060.2,6154.0,2065.0,2.841,0.858,1485.0,836.0,1.802,0.387,1670.0,563.0,2.801,0.688,4861.0,2091.0,2.048,0.55,3626.9,47539.2,14566.8,20777.0,1738.9,2935.0,1555.0,1.76,0.494,1644.0,301.0,3.297,0.891,742.0,224.0,2.348,0.507,6583.0,2329.0,2.35,0.634,71110.5,3639.3,743.2,1062.9,7967.0,3802.0,1.843,0.543,7035.0,2238.0,2.464,0.765,2176.0,976.0,2.055,0.724,8729.0,4045.0,1.967,0.562,6230.0,2010.0,2.533,0.648,16691.7,6405.0,3170.0,1.871,0.611,4841.0,1636.0,2.533,0.704,356.6,7405.0,2512.0,2.274,0.682,1573.7,3077.0,1292.0,2.158,0.662,1918.0,551.0,2.786,0.794,3236.0,1326.0,2.115,0.566,1609.0,479.0,2.354,0.65,2706.0,1087.0,2.085,0.546,2164.0,1529.0,1.532,0.465,7695.0,3613.0,1.874,0.554,305.7,2524.0,1000.0,2.29,0.667,11253.0,4589.0,2.238,0.6,5792.0,2786.0,1.927,0.588,4530.9,1855.0,540.0,2.913,0.847,12036.0,4808.0,2.042,0.629,16297.0,5860.0,2.373,0.607,8308.0,4470.0,1.713,0.503,7925.0,3075.0,2.243,0.591,6634.0,3026.0,1.95,0.542,327.2,2011.0,414.0,3.079,0.844,6126.6,1034.0,397.0,2.252,0.4,3541.5,123.4,298.5,898.7,359.5,1115.2,1599.0,751.0,2.079,0.629,2183.0,775.0,2.659,0.825,4649.0,1841.0,2.261,0.545,4002.0,46124.8,14274.5,1265.4,2145.7,2885.0,1501.0,1.794,0.49,1579.0,318.0,3.493,0.889,906.0,242.0,2.607,0.517,8933.0,2835.0,2.655,0.717,73440.8,4048.5,370.7,10406.0,4258.0,2.108,0.642,8494.0,2703.0,2.56,0.692,1858.0,705.0,2.424,0.809,8703.0,3953.0,2.022,0.614,6353.0,2138.0,2.534,0.687,12573.4,5925.0,2959.0,1.844,0.591,4747.0,1591.0,2.442,0.775,9938.0,3039.0,2.559,0.73,2141.3,2705.95,7351.56,4040.73,389.892,629.753,3253.78,4564.55,3027.48,7895.25,4530.24,363.366,455.211,3321.29,5012.99,193898.047,202330.49,396228.537,51963.0,508132.612,846910.149,"AD"
54.0,1,1360.4,4123.0,1606.0,2.342,0.576,2593.0,786.0,2.827,0.775,4531.0,1697.0,2.446,0.552,3435.0,927.0,2.775,0.661,4316.0,1523.0,2.447,0.531,1911.0,1213.0,1.599,0.423,8563.0,3733.0,1.986,0.66,2553.0,939.0,2.507,0.578,1526234.89,12973.0,4670.0,2.55,0.641,9281.0,3979.0,2.13,0.572,4816.2,1951.0,598.0,2.727,0.802,14718.0,5543.0,2.259,0.598,19943.0,6651.0,2.59,0.635,12919.0,5595.0,2.069,0.563,13485.0,3724.0,3.048,0.69,9267.0,3262.0,2.547,0.614,2685.0,501.0,3.991,0.51,445.8,5781.9,964.0,328.0,2.503,0.387,3574.6,2299.6,1641.8,6840.0,2090.0,3.193,0.929,1503.6,7551.0,2392.0,3.081,0.925,2359.0,1024.0,2.363,0.453,1787.0,572.0,2.768,0.53,5385.0,1975.0,2.484,0.569,3603.4,52012.5,12387.0,18868.4,1378.4,2973.0,1476.0,1.785,0.456,2461.0,514.0,3.449,0.735,783.0,193.0,2.899,0.503,9631.0,2938.0,2.71,0.644,85068.8,4188.4,603.5,1040.9,10915.0,4400.0,2.233,0.543,11298.0,3324.0,2.799,0.727,2274.0,835.0,2.379,0.677,9928.0,4189.0,2.066,0.645,8435.0,2918.0,2.577,0.69,22130.1,6637.0,3145.0,1.874,0.545,5807.0,2019.0,2.541,0.821,292.3,10564.0,2973.0,2.91,0.643,1027.6,3040.0,1173.0,2.365,0.622,2726.0,748.0,2.84,0.815,4603.0,1578.0,2.566,0.527,2745.0,743.0,2.76,0.595,3687.0,1353.0,2.405,0.578,1898.0,1282.0,1.602,0.483,10136.0,4423.0,2.049,0.647,332.7,2729.0,1013.0,2.518,0.608,14529.0,5386.0,2.47,0.581,9267.0,3830.0,2.183,0.527,4351.0,2950.0,793.0,3.231,0.716,14122.0,5182.0,2.385,0.592,21076.0,6976.0,2.662,0.625,12858.0,5760.0,2.017,0.52,15860.0,4801.0,2.878,0.685,12572.0,4429.0,2.506,0.642,267.1,2575.0,555.0,3.647,0.826,5890.8,1217.0,460.0,2.341,0.452,3959.8,71.8,153.8,818.1,390.7,1670.1,2570.0,986.0,2.574,0.499,2386.0,716.0,2.831,0.889,4806.0,1877.0,2.28,0.571,3596.6,52160.5,12217.9,1459.6,1842.2,3103.0,1392.0,1.852,0.615,2710.0,526.0,3.502,0.849,989.0,237.0,2.873,0.434,11206.0,3521.0,2.605,0.71,85200.6,3796.6,1168.1,16262.0,6529.0,2.19,0.582,10123.0,2910.0,2.784,0.8,3276.0,1374.0,2.261,0.744,10351.0,4270.0,2.041,0.679,8269.0,2933.0,2.536,0.674,31116.6,6703.0,3100.0,1.926,0.639,5450.0,1946.0,2.445,0.694,11588.0,3216.0,2.912,0.752,1532.4,2420.16,7989.95,4512.2,511.213,325.527,3953.61,4797.63,2934.41,7356.57,4185.53,440.036,179.047,3746.91,4884.42,211160.767,213321.249,424482.016,51461.0,627022.548,1009218.564,"MCI"
63.0,0,1473.8,3395.0,1395.0,2.286,0.54,1963.0,681.0,2.593,0.607,4469.0,1625.0,2.474,0.445,2164.0,702.0,2.479,0.658,3854.0,1431.0,2.402,0.51,2453.0,1531.0,1.71,0.472,7911.0,3258.0,2.124,0.619,2452.0,928.0,2.424,0.546,1381238.1,11222.0,4242.0,2.438,0.594,8307.0,3431.0,2.298,0.435,4768.0,2018.0,731.0,2.467,0.664,12899.0,5028.0,2.208,0.588,17893.0,6209.0,2.506,0.58,10763.0,4417.0,2.137,0.452,11217.0,3282.0,2.951,0.625,10128.0,3704.0,2.533,0.508,2623.0,490.0,4.036,0.615,570.7,6275.9,918.0,328.0,2.49,0.347,3403.2,940.5,5635.9,6514.0,2138.0,3.044,0.876,1415.4,6749.0,2171.0,3.041,0.814,2490.0,1034.0,2.538,0.414,1712.0,673.0,2.314,0.714,6096.0,2192.0,2.503,0.53,3564.1,48469.3,13967.8,21136.7,1161.9,2744.0,1411.0,1.807,0.476,1869.0,326.0,4.244,0.603,600.0,148.0,3.234,0.445,10978.0,3517.0,2.713,0.662,78255.6,3482.5,916.0,436.9,10214.0,4120.0,2.236,0.567,9519.0,2813.0,2.792,0.645,2627.0,1056.0,2.287,0.659,10981.0,4598.0,2.157,0.537,6968.0,2530.0,2.51,0.559,10151.7,7247.0,3267.0,2.035,0.601,5182.0,1922.0,2.38,0.793,443.8,10544.0,2951.0,2.984,0.642,1581.0,3169.0,1204.0,2.512,0.514,2103.0,669.0,2.74,0.604,4028.0,1449.0,2.462,0.533,1869.0,530.0,2.705,0.552,2963.0,1165.0,2.18,0.603,2239.0,1420.0,1.695,0.5,7841.0,3311.0,2.092,0.599,487.5,2805.0,1047.0,2.635,0.478,11088.0,4031.0,2.483,0.58,8293.0,3493.0,2.26,0.431,4575.7,1916.0,743.0,2.416,0.634,13819.0,5349.0,2.253,0.577,18110.0,6223.0,2.587,0.529,11243.0,4555.0,2.218,0.454,11726.0,3577.0,2.818,0.718,11196.0,3872.0,2.561,0.566,380.4,3013.0,526.0,4.212,0.451,6298.1,955.0,393.0,2.08,0.399,2998.1,96.6,231.6,1084.6,521.2,1301.2,2248.0,894.0,2.562,0.48,2104.0,764.0,2.305,0.875,4790.0,1832.0,2.316,0.524,3645.0,50398.5,12981.3,877.1,1311.9,3487.0,1502.0,2.059,0.456,1821.0,273.0,4.114,0.973,714.0,190.0,2.723,0.573,8599.0,3013.0,2.707,0.649,78173.6,3618.9,195.8,13371.0,4935.0,2.43,0.556,10902.0,3169.0,2.919,0.684,2265.0,1038.0,2.052,0.762,11639.0,4499.0,2.245,0.597,7272.0,2713.0,2.458,0.649,8876.0,5551.0,2721.0,1.886,0.542,4626.0,1804.0,2.345,0.625,11574.0,3242.0,2.962,0.678,778.6,1929.19,5901.59,3503.04,588.965,354.197,3472.3,4205.97,2064.1,6823.44,3939.56,424.982,454.548,3570.03,4449.53,202554.014,201610.245,404164.259,51580.0,574455.738,904035.996,"MCI"
64.0,1,1387.3,3551.0,1475.0,2.188,0.512,1669.0,569.0,2.507,0.717,4708.0,1687.0,2.454,0.466,2607.0,846.0,2.367,0.712,3332.0,1304.0,2.165,0.63,2330.0,1640.0,1.516,0.404,7465.0,3720.0,1.809,0.531,2935.0,1223.0,2.134,0.622,1353391.477,12827.0,5234.0,2.289,0.569,7280.0,3233.0,2.11,0.533,4870.0,1891.0,564.0,2.907,0.786,13240.0,5213.0,2.176,0.538,18942.0,6801.0,2.437,0.532,9733.0,4665.0,1.895,0.499,10481.0,3408.0,2.651,0.622,8901.0,3693.0,2.206,0.557,2244.0,392.0,3.571,0.676,497.5,6767.9,796.0,307.0,2.246,0.352,3745.4,1195.7,1857.9,5635.0,2005.0,2.815,0.78,1323.2,5688.0,2016.0,2.741,0.898,2332.0,1082.0,2.24,0.411,1933.0,670.0,2.724,0.648,7329.0,2719.0,2.447,0.477,2868.3,47139.0,14625.3,21789.6,1035.3,2924.0,1610.0,1.715,0.428,2191.0,458.0,3.384,0.76,547.0,160.0,2.531,0.404,9820.0,3462.0,2.462,0.616,79819.6,3862.7,590.6,429.9,10680.0,4376.0,2.208,0.559,8974.0,2902.0,2.586,0.759,1710.0,699.0,2.377,0.682,10623.0,4489.0,2.114,0.606,5840.0,2173.0,2.397,0.62,8146.3,5155.0,2585.0,1.851,0.55,4478.0,1599.0,2.39,0.687,369.1,9534.0,2868.0,2.695,0.664,945.3,3429.0,1505.0,2.129,0.532,2090.0,646.0,2.866,0.771,4788.0,1779.0,2.305,0.535,1723.0,509.0,2.606,0.55,2969.0,1159.0,2.266,0.491,2049.0,1532.0,1.437,0.347,8716.0,4178.0,1.866,0.557,314.5,2501.0,984.0,2.44,0.534,12632.0,4891.0,2.41,0.53,6960.0,2953.0,2.122,0.552,3995.5,2317.0,679.0,2.776,0.789,13142.0,5197.0,2.166,0.553,19592.0,7064.0,2.432,0.527,10521.0,4762.0,1.992,0.536,10269.0,3591.0,2.49,0.574,9534.0,3742.0,2.303,0.514,308.8,1990.0,377.0,3.457,0.883,8067.1,1067.0,416.0,2.313,0.497,3482.3,50.9,261.3,701.0,527.1,1549.8,2443.0,993.0,2.424,0.483,2021.0,740.0,2.196,0.963,6381.0,2351.0,2.4,0.485,3422.1,49576.1,14006.7,1400.2,1300.0,2693.0,1424.0,1.762,0.425,1880.0,400.0,3.542,0.782,867.0,214.0,2.743,0.644,9368.0,3072.0,2.667,0.702,80402.9,3875.4,860.3,12766.0,5330.0,2.169,0.585,8888.0,2836.0,2.673,0.655,1828.0,795.0,2.243,0.648,9676.0,4302.0,2.034,0.55,6423.0,2329.0,2.44,0.616,5062.8,6325.0,3076.0,1.975,0.615,4343.0,1667.0,2.246,0.622,9700.0,2882.0,2.757,0.603,2763.3,2499.92,7157.89,3952.06,407.155,314.175,3256.22,4686.01,2558.36,8129.23,4637.78,227.282,302.289,3078.43,4965.23,203534.051,205090.671,408624.722,52352.0,558356.048,888634.77,"HC"
59.0,1,1791.9,2904.0,1262.0,2.228,0.534,2002.0,727.0,2.372,0.596,3651.0,1567.0,2.107,0.575,1804.0,703.0,1.958,0.675,5034.0,1763.0,2.405,0.655,1912.0,1276.0,1.556,0.409,7229.0,3765.0,1.721,0.529,2882.0,1128.0,2.426,0.6,1488554.769,11375.0,4987.0,2.14,0.562,8939.0,3949.0,2.169,0.531,5698.6,2265.0,822.0,2.611,0.639,13036.0,5383.0,2.006,0.642,17284.0,6335.0,2.375,0.597,10369.0,4826.0,1.944,0.474,9975.0,3500.0,2.487,0.648,9131.0,3952.0,2.088,0.61,2202.0,425.0,3.468,0.73,544.5,5986.3,594.0,253.0,2.089,0.433,3855.0,1264.9,2095.6,6893.0,2415.0,2.785,0.78,1726.1,6478.0,2484.0,2.537,0.852,1952.0,929.0,1.973,0.532,1318.0,595.0,2.06,0.536,5053.0,2120.0,2.097,0.584,3657.7,45270.8,14132.5,22615.3,1273.1,2401.0,1361.0,1.62,0.394,1730.0,341.0,3.42,0.806,778.0,260.0,2.279,0.743,9014.0,3227.0,2.475,0.624,80951.6,4279.0,538.2,425.6,12252.0,4743.0,2.433,0.55,10891.0,3703.0,2.541,0.652,2126.0,887.0,2.169,0.654,9764.0,4223.0,2.07,0.531,5887.0,2278.0,2.263,0.621,6620.3,5406.0,2788.0,1.814,0.6,3946.0,1519.0,2.275,0.754,354.7,9358.0,2954.0,2.558,0.659,1885.6,2594.0,1168.0,2.078,0.546,2269.0,844.0,2.315,0.567,4426.0,1758.0,2.171,0.49,1887.0,592.0,2.379,0.727,2643.0,1129.0,2.022,0.555,1334.0,1100.0,1.367,0.316,8113.0,4004.0,1.853,0.547,312.7,2434.0,989.0,2.324,0.546,11786.0,4847.0,2.263,0.555,8903.0,3895.0,2.176,0.442,5660.9,1881.0,595.0,2.793,0.83,11831.0,5169.0,1.92,0.586,18906.0,6849.0,2.377,0.61,12504.0,5578.0,2.054,0.461,9535.0,3444.0,2.383,0.702,9364.0,3693.0,2.275,0.577,323.3,2596.0,541.0,3.178,0.908,7536.5,1045.0,412.0,2.261,0.419,3124.6,100.5,271.0,842.4,628.7,2026.3,1796.0,821.0,2.253,0.401,2380.0,992.0,2.307,0.86,4454.0,1776.0,2.192,0.478,3657.6,46616.6,12307.0,1085.9,1312.9,2444.0,1436.0,1.59,0.426,1223.0,239.0,3.724,0.713,872.0,220.0,2.831,0.368,9741.0,3267.0,2.634,0.618,80927.6,4773.6,259.0,12139.0,5258.0,2.084,0.614,8817.0,2836.0,2.588,0.706,2288.0,933.0,2.312,0.727,9503.0,4272.0,2.037,0.542,6386.0,2406.0,2.466,0.641,5059.0,4872.0,2581.0,1.796,0.456,4753.0,1676.0,2.313,0.733,9962.0,3104.0,2.517,0.751,1994.5,2711.15,7913.67,4561.54,766.233,336.042,3681.42,5388.34,2852.34,9259.65,5105.19,489.94,612.959,3590.75,5613.55,233920.261,232176.289,466096.55,58301.0,549978.845,940846.394,"MCI"
67.0,1,1337.0,3773.0,1790.0,2.071,0.531,1286.0,637.0,1.718,0.613,3264.0,1156.0,2.405,0.489,2262.0,717.0,2.441,0.705,4402.0,1742.0,2.243,0.54,1721.0,1301.0,1.392,0.36,7502.0,4352.0,1.629,0.611,3467.0,1431.0,2.15,0.685,1674489.015,10815.0,5410.0,1.966,0.551,7125.0,3950.0,1.697,0.521,4414.3,2438.0,720.0,2.74,0.837,15822.0,6130.0,2.134,0.603,14909.0,5823.0,2.24,0.552,10422.0,5829.0,1.685,0.449,10300.0,3867.0,2.332,0.63,8435.0,3790.0,2.051,0.563,2061.0,408.0,3.497,0.558,250.1,5042.1,806.0,302.0,2.321,0.419,3174.7,2763.3,4123.5,6050.0,1916.0,2.878,0.852,1085.0,6513.0,2119.0,2.813,0.854,2471.0,1310.0,1.961,0.455,1381.0,562.0,2.695,0.869,4902.0,2490.0,1.949,0.481,3575.3,42689.8,10145.8,17426.8,1529.6,1954.0,1267.0,1.491,0.414,1593.0,375.0,2.868,0.932,994.0,207.0,2.983,0.671,8389.0,2481.0,2.685,0.766,83503.3,2780.5,764.7,2230.1,10431.0,5121.0,1.899,0.566,9972.0,3200.0,2.542,0.627,2333.0,1082.0,2.127,0.611,10514.0,4798.0,1.97,0.61,6658.0,2195.0,2.546,0.694,55363.5,6220.0,2894.0,1.931,0.65,5440.0,1723.0,2.591,0.883,314.7,9466.0,3185.0,2.429,0.627,1159.5,3689.0,1624.0,2.141,0.559,1379.0,615.0,1.714,0.622,2684.0,1126.0,2.186,0.531,2209.0,651.0,2.532,0.505,2990.0,1329.0,2.059,0.537,1416.0,1061.0,1.424,0.384,9257.0,4876.0,1.77,0.608,278.9,2707.0,1204.0,2.123,0.537,11711.0,5515.0,2.066,0.513,6743.0,3959.0,1.645,0.469,4551.5,1802.0,610.0,2.557,0.823,15429.0,5855.0,2.196,0.59,16637.0,6251.0,2.291,0.645,9737.0,5223.0,1.75,0.474,11784.0,4318.0,2.372,0.679,7740.0,3640.0,1.98,0.524,256.8,2122.0,427.0,3.317,0.868,5756.8,930.0,413.0,2.133,0.513,3346.3,49.6,312.4,787.9,293.8,997.4,2344.0,1030.0,2.299,0.476,2267.0,815.0,2.728,0.91,4697.0,2346.0,1.959,0.476,3755.6,44294.1,10286.0,1314.7,2380.7,2497.0,1559.0,1.513,0.387,1200.0,274.0,2.751,1.0,1387.0,304.0,2.926,0.627,7676.0,2487.0,2.582,0.687,83825.0,2804.2,2536.5,10903.0,5132.0,1.951,0.526,10463.0,2995.0,2.651,0.744,2001.0,1008.0,1.911,0.54,9476.0,4367.0,1.943,0.585,6430.0,2108.0,2.553,0.78,68390.7,6477.0,3051.0,1.9,0.618,4689.0,1384.0,2.621,0.832,10497.0,3489.0,2.508,0.59,3794.7,2421.78,5237.13,3073.29,772.186,261.121,2476.42,3867.31,2001.76,5635.59,2991.64,460.458,83.333,2198.74,3886.2,198967.195,203571.07,402538.265,45822.0,530171.615,979852.881,"AD"
69.0,0,1293.6,3272.0,1365.0,2.219,0.494,1490.0,535.0,2.277,0.781,3945.0,1435.0,2.371,0.497,1804.0,560.0,2.476,0.613,4316.0,1475.0,2.435,0.544,1931.0,1237.0,1.614,0.375,6304.0,2892.0,1.919,0.56,2214.0,868.0,2.467,0.598,1315638.646,10444.0,4008.0,2.42,0.552,6352.0,2970.0,1.944,0.495,4227.5,1859.0,553.0,2.897,0.697,11342.0,4060.0,2.326,0.554,15793.0,5387.0,2.508,0.56,8472.0,4154.0,1.859,0.453,9971.0,3451.0,2.425,0.613,6945.0,2797.0,2.18,0.514,1777.0,305.0,3.776,0.678,328.0,5637.2,786.0,304.0,2.414,0.348,2947.9,1664.1,2553.4,6669.0,2157.0,2.941,0.951,1304.6,6692.0,2135.0,2.896,0.976,1812.0,821.0,2.151,0.506,1095.0,437.0,2.548,0.928,5109.0,1932.0,2.365,0.508,3463.2,46216.6,11043.6,18056.4,1422.1,2418.0,1186.0,1.774,0.456,1691.0,310.0,3.286,0.986,680.0,153.0,2.972,0.474,6223.0,2184.0,2.382,0.669,69661.4,3509.7,810.3,1318.2,8658.0,3627.0,2.119,0.463,7988.0,2612.0,2.398,0.611,2151.0,822.0,2.42,0.784,9316.0,4040.0,1.983,0.551,6281.0,2108.0,2.571,0.646,19590.5,5631.0,2606.0,1.948,0.549,4259.0,1580.0,2.287,0.786,363.7,7021.0,2411.0,2.37,0.588,1314.4,2629.0,1012.0,2.351,0.604,1635.0,495.0,2.566,0.9,4266.0,1603.0,2.332,0.529,2241.0,677.0,2.511,0.64,3477.0,1328.0,2.274,0.51,2023.0,1297.0,1.64,0.474,7892.0,3438.0,2.033,0.568,364.2,2247.0,906.0,2.327,0.695,11676.0,4323.0,2.477,0.634,6450.0,3020.0,1.965,0.478,4169.1,1895.0,644.0,2.765,0.901,12730.0,4583.0,2.35,0.526,16398.0,5578.0,2.508,0.55,9327.0,4196.0,1.979,0.48,10301.0,3480.0,2.45,0.593,8180.0,3276.0,2.184,0.478,324.7,2052.0,414.0,3.335,0.683,5721.3,997.0,405.0,2.296,0.414,2961.1,95.9,242.8,874.8,338.8,1371.7,1769.0,753.0,2.228,0.41,2028.0,684.0,2.723,0.721,5064.0,1899.0,2.378,0.539,3425.2,47008.4,11680.4,1157.3,1918.5,2211.0,1057.0,1.792,0.41,1729.0,282.0,3.579,0.803,1154.0,306.0,2.75,0.628,5885.0,2276.0,2.269,0.656,67934.0,3640.9,1332.4,10392.0,4523.0,2.075,0.475,7139.0,2143.0,2.576,0.72,1755.0,785.0,2.058,0.763,8846.0,3720.0,2.021,0.538,6865.0,2267.0,2.587,0.776,24414.3,5169.0,2487.0,1.844,0.541,4248.0,1443.0,2.458,0.818,9344.0,2822.0,2.539,0.7,1970.5,2419.05,7117.77,4132.75,641.926,567.285,3116.68,4578.04,2734.85,7559.57,4281.74,544.557,462.579,3107.63,4299.13,179836.001,176188.567,356024.567,47028.0,499847.492,815087.059,"AD"
70.0,0,1421.7,5483.0,1938.0,2.56,0.85,2251.0,686.0,2.65,0.875,5016.0,1543.0,2.607,0.661,3241.0,814.0,2.764,0.834,4982.0,1669.0,2.445,0.63,3988.0,1653.0,2.13,0.817,11216.0,4793.0,2.131,0.646,3420.0,995.0,2.987,0.833,1704481.554,16003.0,6135.0,2.406,0.665,11321.0,4342.0,2.297,0.668,4526.7,2337.0,597.0,3.198,0.945,17583.0,5027.0,2.62,0.852,26149.0,6920.0,2.892,0.82,14440.0,6119.0,2.128,0.511,14543.0,4650.0,2.672,0.77,11473.0,4807.0,2.295,0.636,1788.0,350.0,3.042,1.131,486.6,5756.4,1285.0,492.0,2.296,0.41,3187.6,1907.7,33429.9,8591.0,2317.0,3.448,0.933,1530.8,9201.0,2508.0,3.363,0.936,2701.0,1006.0,2.587,0.437,1444.0,510.0,2.743,0.609,7776.0,2578.0,2.511,0.668,3752.1,51436.5,14067.0,19059.3,1649.5,3177.0,1513.0,1.922,0.475,2870.0,442.0,4.132,0.654,1267.0,247.0,3.3,0.901,12170.0,3003.0,3.121,0.834,88221.0,3936.1,615.7,733.7,11836.0,4122.0,2.503,0.717,12237.0,2978.0,2.996,0.893,3427.0,1169.0,2.55,0.872,15646.0,5117.0,2.418,0.715,8289.0,2511.0,2.733,0.808,15861.8,7776.0,3369.0,2.061,0.611,6200.0,1695.0,2.732,0.925,345.0,10663.0,2653.0,2.881,0.846,1199.8,3220.0,1350.0,2.313,0.721,2056.0,513.0,3.036,1.009,5795.0,1715.0,2.643,0.712,2389.0,661.0,2.741,0.723,4271.0,1467.0,2.457,0.727,3019.0,1469.0,1.934,0.72,12268.0,5643.0,2.008,0.693,304.2,4160.0,1155.0,2.974,0.975,14000.0,5743.0,2.313,0.679,11075.0,4180.0,2.375,0.657,5109.8,2812.0,810.0,3.064,0.948,16777.0,5483.0,2.526,0.746,25614.0,6551.0,2.863,0.808,14338.0,6380.0,2.047,0.59,13947.0,4221.0,2.758,0.761,11762.0,4570.0,2.345,0.643,321.2,3382.0,503.0,4.034,0.851,6628.5,1581.0,579.0,2.387,0.385,3464.3,99.2,227.9,772.6,341.5,1610.1,3244.0,1241.0,2.65,0.657,2026.0,601.0,2.842,0.957,6365.0,2152.0,2.547,0.618,3428.3,52763.7,10260.9,1157.2,2480.5,5478.0,2048.0,1.917,0.861,3183.0,503.0,3.771,0.982,1202.0,267.0,3.029,0.756,11473.0,3431.0,2.762,0.869,92736.2,3821.4,900.7,16445.0,6890.0,2.233,0.605,10468.0,2775.0,2.818,0.773,2226.0,841.0,2.507,0.962,12568.0,4910.0,2.154,0.628,8727.0,2576.0,2.833,0.814,19684.3,8313.0,3491.0,2.154,0.631,6382.0,1918.0,2.623,0.892,11391.0,3055.0,2.754,0.851,1638.1,2551.48,7572.32,4675.86,251.329,589.095,3439.18,4576.06,3372.03,7984.73,4517.77,143.604,957.95,3386.15,4874.31,206031.374,207448.326,413479.7,51768.0,686804.507,1040704.208,"MCI"
